,H_cm,WC_cm,W_kg
0,173.5,94.9,88.3
1,183.0,91.6,86.5
2,172.6,83.4,71.3
3,178.3,82.5,81.6
4,166.9,91.4,75.6
5,175.8,75.9,59.9
6,178.8,95.1,84.1
7,182.9,88.6,82.4
8,174.5,90.2,82.8
9,164.3,97.1,83.8
10,169.8,96.4,83.1
11,172.7,92.9,90.4
12,173.4,92.5,78.6
13,168.4,87.4,75.1
14,166.7,83.4,69.2
15,168.0,98.1,79.0
16,178.5,86.4,84.3
17,188.5,84.7,83.9
18,184.1,83.1,76.9
19,170.2,91.2,85.2
20,173.8,98.4,97.9
21,173.2,83.1,69.4
22,173.9,80.5,71.2
23,187.7,77.8,77.7
24,172.5,85.7,78.2
25,170.4,84.8,75.6
26,174.8,92.0,84.4
27,164.7,85.2,72.0
28,169.9,72.7,60.6
29,176.1,87.9,83.0
30,167.1,82.2,74.3
31,164.4,85.4,79.1
32,173.9,95.2,81.6
33,174.9,78.5,68.4
34,184.5,93.3,101.3
35,195.4,97.6,101.8
36,184.4,79.2,77.8
37,160.1,78.9,58.5
38,184.6,86.0,83.4
39,167.2,91.8,72.7
40,193.4,95.1,105.3
41,186.2,82.6,81.2
42,169.4,81.6,66.0
43,174.0,94.1,84.0
44,173.9,91.2,92.8
45,171.9,85.4,82.3
46,172.2,85.5,73.0
47,177.6,95.3,86.7
48,189.7,102.6,107.6
49,173.0,88.9,78.4
50,168.8,95.2,82.7
51,169.2,94.5,88.3
52,177.8,89.4,88.2
53,182.4,77.6,77.4
54,174.4,84.8,72.6
55,176.3,91.4,86.8
56,185.9,93.7,91.6
57,166.9,99.3,89.9
58,170.5,78.8,66.4
59,175.5,74.6,73.0
60,175.6,91.9,88.5
61,186.6,87.1,86.0
62,183.7,94.1,98.5
63,175.8,89.6,83.7
64,183.7,78.9,86.4
65,183.5,70.8,67.4
66,175.6,90.7,90.3
67,188.7,94.6,92.0
68,181.7,92.8,92.4
69,172.0,80.4,71.1
70,183.6,92.3,91.1
71,161.7,76.5,65.6
72,167.0,68.3,56.5
73,179.6,80.1,77.4
74,162.9,81.2,72.1
75,173.1,77.5,66.4
76,171.8,86.4,79.3
77,184.9,79.9,80.0
78,185.0,88.6,87.6
79,169.6,88.5,82.0
80,185.8,74.4,64.5
81,179.5,85.9,82.0
82,185.1,93.9,96.5
83,176.3,99.0,100.2
84,180.9,89.9,89.2
85,173.5,84.1,87.8
86,177.8,87.2,76.7
87,170.8,88.8,78.4
88,181.8,83.7,86.7
89,188.8,93.9,95.7
90,187.2,96.8,103.7
91,171.3,88.1,81.1
92,174.7,74.8,63.9
93,172.6,76.1,67.2
94,177.4,81.1,75.5
95,171.8,94.6,82.9
96,174.0,95.0,95.6
97,175.5,77.0,81.5
98,173.2,81.5,71.7
99,168.5,70.7,65.9
100,176.4,77.4,71.5
101,171.1,103.9,106.9
102,176.6,79.4,75.0
103,167.2,78.8,72.3
104,171.0,89.6,89.6
105,172.6,95.8,90.2
106,182.5,74.5,68.2
107,178.9,96.4,92.6
108,166.1,86.7,73.9
109,173.5,87.5,79.2
110,187.8,80.4,84.4
111,174.0,89.5,74.6
112,173.8,81.5,74.0
113,183.7,91.8,88.7
114,174.3,89.8,83.6
115,186.9,81.0,84.2
116,183.3,83.9,81.0
117,164.4,85.7,71.7
118,177.1,83.8,81.1
119,177.8,94.8,92.7
120,190.7,83.9,86.3
121,180.6,76.7,65.1
122,191.3,83.1,88.8
123,187.9,78.5,74.8
124,182.5,86.8,80.0
125,169.0,76.6,63.0
126,178.9,93.7,88.9
127,179.9,72.9,71.1
128,179.5,91.1,83.6
129,174.1,91.1,84.2
130,177.5,80.0,76.3
131,172.4,80.3,69.5
132,167.1,87.5,74.4
133,178.5,85.7,81.4
134,179.5,75.9,72.0
135,174.1,79.6,64.2
136,169.6,79.6,68.8
137,179.0,92.8,88.5
138,176.1,80.3,81.3
139,161.4,73.7,54.5
140,186.0,95.5,102.2
141,172.6,75.0,66.5
142,177.4,84.0,71.6
143,176.3,74.8,72.0
144,181.5,82.4,86.7
145,172.8,92.4,85.4
146,170.3,85.6,77.1
147,177.0,86.6,88.1
148,170.4,94.3,78.8
149,175.7,88.8,83.0
150,175.0,92.1,81.9
151,179.8,76.3,67.8
152,180.7,90.0,91.4
153,162.3,70.3,54.0
154,165.4,81.7,73.4
155,184.7,79.7,79.2
156,170.3,76.3,69.4
157,177.1,83.4,79.7
158,173.9,91.6,80.9
159,177.5,84.4,79.1
160,170.1,92.6,89.8
161,176.6,76.3,67.2
162,179.7,96.5,89.0
163,185.6,89.1,85.5
164,183.1,82.5,78.5
165,174.2,84.4,75.9
166,173.9,85.0,79.4
167,181.1,87.5,89.4
168,187.0,86.0,89.0
169,172.9,84.1,79.0
170,169.5,79.2,65.1
171,182.6,91.0,78.1
172,167.5,77.3,68.7
173,179.1,71.8,66.2
174,171.1,77.8,69.8
175,173.0,90.6,77.6
176,177.3,76.2,69.0
177,167.6,78.4,72.7
178,185.3,89.6,83.5
179,182.4,83.9,75.7
180,172.8,82.1,75.4
181,171.0,85.5,76.4
182,177.7,76.2,69.6
183,178.9,87.9,87.9
184,170.8,92.0,91.0
185,174.6,75.7,68.0
186,173.8,97.0,95.7
187,171.9,86.5,77.6
188,173.5,84.0,68.2
189,177.2,79.7,75.5
190,187.3,94.3,102.6
191,169.7,76.5,64.9
192,175.8,79.1,74.9
193,181.7,84.0,83.0
194,187.0,101.3,104.9
195,186.8,89.6,93.5
196,178.4,80.8,70.9
197,176.3,82.7,80.5
198,174.9,87.6,80.4
199,175.2,81.3,77.6
200,178.4,85.7,74.5
201,176.9,77.9,68.1
202,177.6,93.5,88.3
203,173.3,85.1,71.8
204,178.4,78.8,79.9
205,171.5,80.8,67.8
206,177.8,75.1,68.7
207,175.7,96.7,93.3
208,178.0,90.6,83.5
209,179.4,73.4,66.1
210,175.2,80.4,76.5
211,180.5,71.8,66.0
212,180.3,81.1,81.3
213,185.5,84.7,80.9
214,186.4,77.8,70.2
215,171.4,72.7,61.5
216,180.3,84.5,87.2
217,176.2,82.5,79.7
218,182.3,100.6,104.2
219,177.9,77.0,68.3
220,189.4,85.3,86.5
221,176.2,100.2,92.0
222,188.2,87.2,90.8
223,183.6,76.0,75.5
224,166.0,79.6,68.0
225,167.3,84.1,69.8
226,187.1,78.9,80.6
227,174.6,93.8,85.3
228,174.9,76.6,73.2
229,173.0,85.5,80.6
230,177.2,83.4,79.4
231,162.9,74.8,60.3
232,165.4,75.0,60.8
233,179.2,90.2,87.9
234,183.9,79.3,76.8
235,168.9,84.2,74.1
236,176.2,78.4,69.6
237,175.6,84.3,74.0
238,170.4,80.4,67.6
239,182.6,83.0,84.6
240,172.3,94.5,80.0
241,175.7,89.8,81.5
242,183.4,87.6,88.2
243,175.1,72.5,64.9
244,167.8,90.0,85.4
245,175.8,82.1,74.6
246,163.8,77.6,63.1
247,165.1,70.2,56.9
248,171.5,74.4,63.9
249,167.1,78.8,69.7
250,175.4,90.0,88.0
251,178.6,89.4,94.0
252,194.2,106.4,121.7
253,168.5,78.4,65.7
254,180.4,79.9,71.9
255,175.9,94.8,82.3
256,167.1,80.8,74.2
257,176.9,79.6,71.4
258,168.3,78.5,71.9
259,169.2,73.7,65.1
260,172.2,84.7,68.3
261,162.8,72.0,49.9
262,165.9,80.8,66.8
263,178.4,88.3,76.7
264,172.7,87.2,65.6
265,186.9,84.4,79.4
266,178.8,83.2,77.0
267,183.0,80.3,72.6
268,170.1,95.1,88.0
269,167.0,83.0,73.5
270,172.9,82.2,74.6
271,170.2,83.8,72.6
272,176.2,81.7,75.3
273,170.6,82.5,67.1
274,171.1,86.3,76.7
275,178.6,76.6,67.3
276,180.6,80.5,77.4
277,177.7,86.4,87.3
278,173.7,74.8,69.9
279,180.4,91.7,89.1
280,186.4,96.7,103.8
281,169.8,75.9,70.4
282,171.0,80.0,68.1
283,185.5,96.1,98.5
284,176.7,91.3,90.7
285,184.2,88.9,80.1
286,167.5,93.6,81.3
287,176.4,81.2,70.6
288,172.4,85.6,72.4
289,178.6,86.6,85.0
290,179.5,88.8,86.0
291,173.1,80.8,78.5
292,178.1,83.8,74.5
293,173.8,99.2,91.0
294,176.3,85.8,78.8
295,177.5,97.4,91.3
296,178.5,92.5,86.9
297,182.2,80.6,80.3
298,170.2,83.2,73.0
299,166.1,89.7,78.9
300,169.5,84.6,71.5
301,187.3,84.3,77.7
302,188.6,92.5,98.8
303,181.9,81.3,76.0
304,175.5,82.7,77.5
305,169.2,86.0,71.3
306,176.1,79.5,75.4
307,175.5,79.9,71.8
308,172.0,81.2,70.5
309,184.2,80.2,82.5
310,172.7,75.2,62.1
311,174.9,84.2,82.7
312,169.3,87.6,78.7
313,164.7,67.5,56.5
314,177.3,76.0,77.5
315,179.6,95.5,98.3
316,179.4,85.5,84.0
317,172.6,74.8,70.4
318,173.6,79.6,63.9
319,164.9,82.3,65.5
320,167.4,74.1,60.9
321,170.3,87.9,77.1
322,173.7,83.7,77.0
323,171.1,81.6,73.9
324,161.5,77.3,62.6
325,169.4,85.9,77.3
326,157.7,90.2,85.5
327,179.3,89.4,84.0
328,174.6,93.1,88.0
329,180.8,93.9,94.6
330,171.2,87.8,73.9
331,174.0,85.9,84.3
332,182.9,77.2,77.7
333,165.2,73.1,64.3
334,176.3,83.2,76.0
335,188.8,92.9,103.2
336,172.5,79.0,68.8
337,176.2,84.7,85.9
338,178.2,83.9,82.2
339,179.8,86.3,88.5
340,178.8,82.3,76.6
341,179.6,84.8,82.2
342,175.8,81.1,75.8
343,181.4,95.4,93.3
344,170.0,88.2,78.8
345,163.3,74.1,62.1
346,168.4,92.5,74.9
347,182.3,82.2,81.5
348,174.6,77.9,65.8
349,174.6,77.9,75.4
350,187.6,81.4,77.7
351,182.0,78.2,71.9
352,179.8,78.5,79.0
353,176.2,90.8,82.3
354,169.6,92.7,78.6
355,164.3,76.4,64.6
356,173.6,85.3,84.9
357,175.5,85.6,77.0
358,179.1,91.2,85.2
359,170.0,88.1,81.8
360,170.5,85.5,77.9
361,175.2,79.3,67.2
362,166.0,79.9,70.3
363,166.6,90.0,82.8
364,167.7,73.0,59.7
365,165.2,82.3,67.3
366,182.8,76.5,65.2
367,186.2,92.4,87.7
368,177.4,72.8,68.4
369,171.4,82.9,77.2
370,168.2,77.6,68.5
371,165.3,80.2,70.3
372,176.3,95.2,86.8
373,171.5,84.1,78.4
374,177.5,90.7,82.8
375,174.1,88.4,84.2
376,157.0,74.7,55.0
377,178.4,88.6,83.7
378,165.1,94.3,76.0
379,172.8,86.3,82.0
380,165.8,85.4,69.7
381,163.8,80.5,65.2
382,186.8,94.9,95.9
383,177.2,79.3,68.5
384,166.0,73.9,62.0
385,164.3,71.9,57.2
386,176.5,77.5,65.3
387,175.0,85.1,77.5
388,165.2,92.0,84.1
389,179.8,86.0,80.3
390,175.3,86.4,86.4
391,187.0,90.2,91.4
392,171.7,79.4,69.4
393,177.9,75.4,65.3
394,178.4,88.4,85.4
395,167.2,87.6,74.3
396,171.7,86.1,85.2
397,176.8,88.6,84.4
398,170.3,78.8,70.9
399,174.4,86.2,74.4
400,182.8,101.2,108.3
401,188.5,92.1,98.8
402,175.3,83.1,77.1
403,170.6,73.8,65.6
404,174.1,76.2,65.4
405,163.2,84.0,70.8
406,179.2,89.8,81.8
407,183.7,86.0,82.5
408,170.2,75.2,64.4
409,178.2,87.3,79.2
410,168.3,79.6,70.8
411,201.2,77.9,84.6
412,185.4,100.3,101.1
413,176.0,87.3,85.0
414,180.2,82.1,69.6
415,174.4,93.9,88.0
416,187.2,89.4,93.2
417,169.7,90.4,83.8
418,186.7,77.8,71.3
419,171.8,79.5,72.1
420,187.7,98.8,106.5
421,170.4,91.2,85.6
422,182.8,78.2,70.5
423,175.0,86.1,81.7
424,170.9,84.4,77.7
425,169.4,79.0,66.9
426,181.8,74.6,70.9
427,178.7,81.1,73.6
428,170.5,71.8,56.2
429,167.8,79.3,74.2
430,164.2,82.5,72.9
431,163.4,75.0,61.0
432,171.8,77.5,71.1
433,175.4,82.2,73.8
434,176.3,76.8,71.0
435,179.0,86.8,76.1
436,162.3,89.8,78.1
437,193.5,89.8,100.3
438,179.6,83.1,82.2
439,180.6,92.1,94.2
440,176.5,102.5,101.6
441,176.5,77.1,71.4
442,180.4,99.5,100.5
443,182.5,88.5,87.9
444,188.0,88.7,83.3
445,167.3,68.7,52.3
446,173.4,81.8,73.1
447,171.8,79.9,74.5
448,167.5,91.8,84.0
449,177.8,87.1,88.7
450,182.8,92.0,97.7
451,175.6,80.8,72.9
452,168.5,75.9,65.7
453,173.0,91.0,85.1
454,167.2,79.6,66.3
455,174.9,81.5,75.4
456,162.7,75.7,66.0
457,178.1,99.3,100.8
458,166.7,67.6,54.8
459,176.2,90.3,88.8
460,181.4,103.5,101.6
461,174.2,88.7,86.9
462,176.5,72.2,63.3
463,189.2,85.5,81.5
464,182.3,88.6,85.6
465,172.3,83.6,80.1
466,174.8,81.0,71.1
467,169.6,68.2,57.7
468,172.4,95.8,88.0
469,171.5,70.8,54.2
470,180.7,74.8,72.4
471,170.5,74.8,64.0
472,177.1,84.7,76.2
473,172.5,86.8,80.3
474,181.3,87.1,85.6
475,165.6,70.7,60.8
476,161.4,82.2,69.2
477,181.7,77.1,80.0
478,185.7,81.8,90.8
479,174.2,79.6,63.2
480,172.3,78.7,73.0
481,168.7,86.0,80.8
482,179.2,78.4,71.3
483,179.9,84.8,74.1
484,165.7,92.8,82.4
485,171.8,83.4,81.6
486,183.8,101.2,96.5
487,176.4,77.6,69.2
488,172.6,82.9,70.9
489,184.5,83.9,85.3
490,170.4,94.0,90.9
491,169.8,84.9,74.7
492,176.3,75.1,68.7
493,171.5,83.7,73.9
494,179.3,95.1,99.4
495,169.7,96.8,93.4
496,181.8,83.5,81.9
497,179.3,83.3,85.3
498,170.8,97.4,89.0
499,170.7,84.8,76.4
500,182.7,75.5,79.9
501,165.8,87.9,79.1
502,167.1,81.3,65.4
503,179.3,103.8,117.0
504,175.7,79.0,68.1
505,164.4,83.1,70.5
506,174.1,79.7,78.0
507,170.3,75.5,61.7
508,177.2,71.9,68.3
509,176.2,86.6,86.6
510,169.0,75.6,63.2
511,181.4,85.6,85.4
512,168.9,79.3,65.2
513,181.5,73.9,65.4
514,176.2,85.2,86.3
515,168.5,87.1,82.6
516,175.5,88.5,85.0
517,192.0,99.7,98.0
518,184.8,82.9,79.2
519,179.3,87.9,88.2
520,171.2,87.9,75.5
521,176.5,74.0,63.4
522,180.2,88.0,82.8
523,173.7,87.3,83.5
524,173.3,79.9,74.2
525,177.8,78.9,68.6
526,174.7,94.4,96.9
527,177.7,97.1,87.7
528,175.1,99.8,95.8
529,158.0,80.0,63.7
530,181.5,86.4,82.3
531,173.1,75.8,68.8
532,172.7,82.8,76.3
533,180.0,93.9,96.4
534,172.1,99.9,89.5
535,183.4,87.3,85.3
536,169.7,78.2,69.1
537,173.0,79.3,70.5
538,171.2,82.6,68.8
539,175.2,76.5,74.6
540,173.5,74.0,68.6
541,177.0,83.6,82.1
542,177.1,91.1,91.9
543,177.5,79.1,78.4
544,179.2,82.1,80.5
545,172.1,77.6,70.0
546,184.9,86.7,93.7
547,170.2,75.5,74.1
548,181.1,80.2,77.1
549,184.4,87.8,91.9
550,166.7,71.9,56.7
551,171.7,83.9,88.6
552,175.0,83.5,71.7
553,179.5,77.8,75.9
554,179.4,98.5,98.2
555,169.6,78.6,71.5
556,178.8,86.2,83.9
557,170.0,79.0,77.3
558,171.9,76.9,65.9
559,183.4,82.6,80.6
560,179.0,87.4,77.7
561,177.7,78.5,71.5
562,171.9,76.0,64.6
563,165.5,80.2,67.7
564,172.5,88.2,86.8
565,177.1,79.3,69.4
566,161.9,73.1,56.9
567,177.7,75.4,72.8
568,178.2,83.2,79.3
569,179.7,88.6,90.4
570,176.8,83.2,87.3
571,184.0,82.8,83.2
572,162.2,93.5,74.1
573,181.0,84.0,84.5
574,166.2,78.2,65.5
575,172.4,73.6,63.0
576,173.8,80.5,79.3
577,163.8,82.7,69.0
578,179.7,83.0,79.5
579,176.7,80.6,71.7
580,179.2,91.9,88.1
581,169.5,74.5,62.0
582,178.5,85.2,90.8
583,169.6,83.8,77.6
584,173.3,84.4,77.9
585,180.3,86.5,81.5
586,181.2,94.7,91.4
587,182.5,95.1,90.7
588,187.5,88.0,85.1
589,186.2,77.3,78.8
590,157.5,64.7,47.6
591,173.1,84.2,77.3
592,169.2,85.6,75.7
593,184.7,79.0,71.5
594,165.3,70.4,61.0
595,177.8,77.2,69.3
596,181.7,89.0,83.4
597,166.3,88.2,78.7
598,181.1,85.2,79.1
599,182.4,74.9,68.6
600,173.4,81.7,70.1
601,170.0,77.9,73.4
602,180.0,88.2,83.6
603,175.2,82.9,79.0
604,185.7,84.4,82.8
605,183.5,86.4,89.3
606,166.7,94.6,80.9
607,159.1,74.9,58.9
608,165.6,85.7,79.0
609,177.7,82.3,75.7
610,176.7,94.0,82.7
611,184.5,79.8,81.7
612,168.3,83.7,75.0
613,181.8,72.6,65.3
614,172.0,95.4,91.6
615,174.0,78.8,73.9
616,175.8,83.5,82.2
617,170.7,85.6,79.0
618,170.6,80.6,75.5
619,174.5,94.4,92.7
620,173.3,94.9,83.6
621,174.0,83.7,74.0
622,176.8,74.6,70.5
623,180.0,80.8,79.9
624,175.6,80.4,71.0
625,175.8,76.4,64.2
626,181.8,90.2,95.2
627,179.7,101.7,98.0
628,189.1,79.1,77.7
629,185.8,86.7,89.0
630,187.3,91.9,94.2
631,167.2,78.4,67.9
632,165.9,87.9,79.7
633,171.1,80.8,72.6
634,173.5,98.1,100.5
635,180.7,77.0,67.4
636,170.0,71.8,59.8
637,170.2,80.7,70.6
638,181.0,74.7,69.8
639,180.7,89.7,89.0
640,171.0,78.8,71.1
641,180.4,90.4,89.8
642,173.8,91.3,85.6
643,181.4,79.8,75.3
644,179.5,76.7,67.1
645,165.2,84.0,76.4
646,172.1,82.1,74.9
647,167.4,78.1,66.5
648,184.3,84.4,87.5
649,180.1,85.8,82.9
650,178.0,71.9,68.7
651,166.2,83.2,69.2
652,171.2,85.7,77.2
653,177.8,98.3,88.6
654,177.1,82.1,74.5
655,160.8,75.3,64.8
656,168.2,91.0,84.0
657,177.8,85.2,78.8
658,185.7,96.8,109.5
659,174.4,84.9,76.2
660,183.2,111.2,111.2
661,162.2,76.5,64.5
662,174.2,75.6,71.4
663,177.7,89.5,90.2
664,182.2,93.4,93.7
665,174.8,92.8,81.3
666,183.6,78.4,82.1
667,174.8,103.4,101.4
668,171.2,84.6,79.5
669,182.0,87.7,81.1
670,182.3,74.5,70.8
671,169.0,78.8,69.5
672,157.2,87.6,67.4
673,187.5,90.4,98.5
674,181.1,73.7,78.1
675,159.9,86.8,73.4
676,177.7,100.5,97.7
677,173.0,84.7,80.6
678,177.8,88.7,86.6
679,169.2,77.4,63.9
680,185.0,83.0,80.0
681,175.1,90.1,89.3
682,176.4,81.8,74.1
683,181.3,82.1,81.1
684,177.2,95.5,85.1
685,180.2,84.3,81.6
686,172.2,81.5,74.1
687,182.9,85.1,87.5
688,189.0,85.1,80.8
689,180.7,88.0,93.3
690,164.0,79.2,72.7
691,175.2,85.1,86.9
692,167.5,80.9,70.6
693,178.2,92.4,87.2
694,188.1,81.5,74.6
695,183.1,83.6,84.1
696,180.6,82.3,80.3
697,184.9,80.0,78.5
698,172.8,92.1,83.7
699,174.1,83.9,80.4
700,168.7,79.2,66.4
701,177.8,81.8,70.8
702,165.1,81.9,79.5
703,182.7,93.0,100.0
704,180.6,104.7,104.4
705,178.8,89.1,88.1
706,173.3,73.5,60.3
707,188.6,75.5,82.3
708,180.7,76.6,75.5
709,182.6,83.2,81.9
710,174.0,74.5,65.9
711,191.1,93.2,89.3
712,177.0,87.2,77.2
713,178.5,70.3,61.3
714,171.3,80.7,78.9
715,178.2,88.9,90.5
716,168.5,71.8,60.5
717,187.3,79.4,79.2
718,176.3,89.6,92.2
719,177.8,80.6,74.7
720,182.7,82.1,79.8
721,179.7,80.9,69.8
722,182.1,97.7,106.7
723,174.6,80.2,67.0
724,181.9,96.4,95.4
725,176.6,92.4,101.1
726,176.5,81.0,74.4
727,169.6,77.2,67.8
728,175.2,89.3,93.9
729,168.9,82.8,71.5
730,173.3,93.3,100.5
731,172.6,83.3,74.2
732,180.2,90.4,87.3
733,171.5,75.9,70.8
734,176.7,79.0,72.9
735,177.0,74.1,69.6
736,173.0,73.0,65.7
737,165.5,78.1,72.4
738,169.9,86.8,79.4
739,177.1,96.4,99.8
740,166.0,87.4,77.8
741,190.3,71.6,71.4
742,175.2,78.0,71.0
743,171.4,87.8,83.4
744,182.4,88.5,93.7
745,178.7,81.6,79.3
746,180.9,84.6,90.5
747,169.1,80.6,70.5
748,180.2,99.8,100.2
749,174.0,95.8,91.5
750,169.2,79.9,73.5
751,173.2,72.6,65.1
752,175.9,86.7,82.2
753,188.6,92.9,94.6
754,182.8,84.2,78.8
755,166.4,86.6,70.7
756,175.0,79.8,76.8
757,185.7,74.8,78.0
758,177.5,89.5,90.1
759,178.3,78.2,75.7
760,190.8,97.8,103.3
761,174.8,75.9,65.8
762,168.2,93.1,86.0
763,189.1,84.5,90.7
764,172.8,78.4,72.5
765,172.0,75.3,74.2
766,180.4,80.2,70.8
767,176.0,82.4,75.8
768,170.0,76.7,61.3
769,167.9,87.9,75.6
770,170.7,84.4,75.7
771,169.8,80.9,66.4
772,164.3,76.4,65.6
773,159.7,76.5,55.0
774,169.3,70.8,57.2
775,180.1,82.1,78.3
776,176.0,74.4,63.7
777,174.1,93.2,88.1
778,170.2,73.5,68.1
779,172.8,78.2,69.0
780,195.5,90.1,99.4
781,166.7,81.8,70.2
782,176.4,74.6,76.6
783,174.4,81.5,70.1
784,187.7,77.2,75.2
785,187.8,96.4,97.8
786,179.2,81.1,88.2
787,189.5,92.4,95.9
788,162.8,80.2,72.2
789,171.7,80.9,73.7
790,167.3,80.9,72.0
791,173.2,81.8,77.8
792,169.3,89.7,80.9
793,178.3,89.7,83.7
794,180.2,93.0,91.7
795,180.1,92.4,85.8
796,174.7,81.7,77.7
797,177.5,95.8,81.0
798,175.3,83.3,76.5
799,176.0,88.4,87.7
800,178.8,81.7,82.9
801,183.7,71.9,65.8
802,173.5,86.6,83.4
803,175.6,92.9,89.0
804,188.3,81.9,88.7
805,172.2,86.5,86.8
806,172.5,77.3,74.8
807,176.2,93.4,92.1
808,169.4,91.9,82.5
809,183.4,89.5,85.8
810,173.7,80.2,73.0
811,169.7,98.4,94.5
812,176.8,98.8,94.5
813,191.2,76.8,75.4
814,176.5,76.2,73.2
815,172.4,84.1,77.4
816,179.9,78.8,73.9
817,178.6,96.5,106.7
818,165.5,77.8,61.9
819,177.4,74.2,72.1
820,177.0,88.4,73.9
821,181.5,107.4,127.8
822,183.2,95.4,94.0
823,176.7,93.4,85.2
824,179.0,90.8,89.4
825,170.6,76.2,67.5
826,167.1,73.3,60.5
827,171.8,73.5,62.7
828,178.1,76.3,66.7
829,162.0,79.8,60.8
830,172.8,81.0,70.8
831,177.6,76.8,68.3
832,172.7,75.3,63.5
833,172.0,83.4,76.2
834,158.8,85.7,67.2
835,172.5,94.8,97.0
836,168.5,79.2,71.9
837,179.6,92.3,89.6
838,181.5,84.8,85.8
839,180.5,90.7,86.8
840,187.5,94.6,93.2
841,183.7,93.3,102.4
842,183.9,83.5,84.0
843,167.7,84.0,66.6
844,166.8,85.0,70.0
845,170.5,83.0,73.8
846,173.2,92.3,88.3
847,173.7,88.6,84.2
848,169.9,78.1,67.8
849,183.6,77.5,74.8
850,178.2,87.5,83.8
851,180.2,94.2,90.3
852,176.9,79.2,76.6
853,168.2,83.9,69.6
854,181.3,88.1,84.2
855,171.6,86.7,87.7
856,167.3,77.7,75.1
857,180.8,84.3,75.6
858,176.4,81.3,84.1
859,169.9,80.4,71.0
860,174.3,74.4,69.5
861,168.5,79.8,64.3
862,170.6,83.8,73.0
863,183.8,86.7,85.2
864,178.6,80.2,68.7
865,173.8,72.0,59.4
866,170.8,79.8,70.3
867,172.4,75.8,66.3
868,170.0,85.4,76.2
869,175.1,75.6,71.5
870,182.5,96.5,98.8
871,169.1,94.8,95.9
872,170.7,88.1,81.7
873,172.8,83.6,78.4
874,190.4,84.5,91.3
875,172.7,77.1,79.2
876,185.6,90.6,98.8
877,173.1,89.6,87.6
878,165.3,76.6,67.8
879,169.9,89.4,80.1
880,194.0,91.4,104.3
881,168.7,86.9,77.7
882,172.5,79.4,70.9
883,175.9,76.4,70.6
884,179.2,78.8,67.1
885,170.0,83.1,76.4
886,174.3,79.2,77.2
887,171.5,89.7,82.4
888,187.5,77.7,73.3
889,165.0,92.6,88.1
890,174.7,84.2,80.6
891,174.8,80.1,73.8
892,180.3,79.4,85.4
893,177.5,84.1,79.7
894,184.0,99.2,108.2
895,176.3,81.9,78.3
896,173.6,72.1,61.2
897,173.2,77.9,75.0
898,173.2,88.2,82.9
899,171.4,98.8,88.2
900,176.3,83.7,79.7
901,165.0,79.6,64.4
902,165.4,90.2,78.5
903,172.6,82.3,69.4
904,184.3,88.5,87.4
905,185.8,82.3,83.3
906,170.5,79.5,74.4
907,176.0,88.8,79.7
908,178.2,79.0,76.5
909,172.7,76.9,71.3
910,171.3,85.5,81.6
911,171.4,103.8,104.1
912,166.8,75.7,62.4
913,181.4,88.3,86.0
914,161.2,69.2,52.0
915,179.3,78.4,68.8
916,176.2,84.6,82.9
917,186.0,76.2,65.8
918,174.1,85.7,80.5
919,167.2,78.4,65.1
920,180.0,87.8,88.3
921,170.3,99.3,91.9
922,177.3,87.5,83.0
923,177.2,91.1,87.6
924,183.5,83.1,86.0
925,168.7,87.9,85.9
926,176.5,81.1,85.6
927,168.4,72.6,57.4
928,174.2,80.5,73.3
929,158.4,73.4,60.0
930,180.5,75.1,69.3
931,172.7,96.9,90.0
932,174.3,78.5,72.3
933,174.3,86.9,75.7
934,172.6,80.4,72.6
935,170.8,81.4,63.6
936,178.3,84.0,85.6
937,179.5,89.4,86.1
938,182.7,88.9,86.4
939,172.5,72.7,64.2
940,180.5,76.7,70.1
941,178.1,81.4,74.7
942,164.1,85.7,72.4
943,180.3,102.8,100.6
944,175.4,87.0,81.2
945,170.8,99.7,92.4
946,192.8,82.9,95.4
947,172.4,83.3,75.4
948,181.1,97.1,101.7
949,174.5,79.9,74.3
950,173.2,73.2,61.0
951,175.3,98.5,95.6
952,179.5,92.9,85.0
953,177.1,91.1,84.5
954,171.7,72.7,62.5
955,163.9,74.3,65.1
956,168.6,85.8,76.5
957,177.0,77.8,64.2
958,181.3,101.5,96.3
959,181.8,91.5,94.9
960,193.4,97.6,105.7
961,178.2,79.7,72.5
962,169.8,77.7,65.9
963,181.2,73.2,67.0
964,162.5,90.5,78.0
965,174.5,90.5,81.0
966,178.9,82.3,83.0
967,171.5,67.8,59.7
968,168.6,78.3,68.3
969,164.0,83.1,68.8
970,168.5,85.7,74.3
971,172.9,76.6,61.9
972,161.5,80.3,65.8
973,171.8,73.3,57.5
974,177.6,93.3,85.8
975,182.1,81.5,72.5
976,174.0,85.9,81.4
977,177.7,75.4,71.5
978,177.8,92.0,85.7
979,169.8,83.2,74.9
980,183.1,74.5,70.2
981,182.6,94.0,94.8
982,162.8,82.4,72.2
983,171.2,80.1,72.2
984,179.4,95.7,90.9
985,172.1,88.3,86.7
986,179.7,84.7,82.9
987,174.8,83.9,72.6
988,178.5,75.2,65.2
989,168.6,84.1,65.3
990,180.7,86.0,93.9
991,166.8,89.9,77.1
992,182.9,79.2,77.9
993,182.9,78.6,81.3
994,162.5,79.7,69.6
995,170.4,93.0,80.0
996,174.0,89.4,87.0
997,173.1,79.6,73.8
998,176.1,83.2,77.4
999,176.2,88.6,85.4
1000,171.3,78.3,71.3
1001,184.5,81.7,72.9
1002,179.3,76.2,73.8
1003,169.5,76.5,66.5
1004,173.3,87.5,78.2
1005,180.2,85.5,84.0
1006,172.7,85.2,81.3
1007,177.7,82.5,75.2
1008,166.7,84.1,73.1
1009,183.8,81.0,75.6
1010,168.2,88.3,79.0
1011,184.4,84.3,84.9
1012,174.8,92.2,83.8
1013,173.2,84.2,79.7
1014,173.3,74.7,72.1
1015,166.5,86.4,81.2
1016,184.3,77.9,69.6
1017,176.2,85.3,75.1
1018,180.0,97.1,101.4
1019,172.5,78.9,67.2
1020,180.7,82.5,86.7
1021,188.0,97.0,101.3
1022,185.3,74.6,65.2
1023,169.0,86.3,73.8
1024,182.3,77.0,66.5
1025,162.8,79.6,62.4
1026,175.5,77.8,71.6
1027,185.6,90.1,93.5
1028,181.4,86.1,85.9
1029,176.7,75.9,68.3
1030,179.6,95.2,89.9
1031,184.6,100.8,109.4
1032,183.0,88.4,92.8
1033,172.8,79.6,71.5
1034,166.8,76.6,65.4
1035,170.5,84.3,76.5
1036,187.0,91.3,96.5
1037,161.9,81.0,77.0
1038,176.2,74.2,66.0
1039,171.1,74.5,67.0
1040,178.3,81.4,77.1
1041,178.3,83.8,74.6
1042,174.2,92.0,84.6
1043,175.8,77.8,73.9
1044,178.3,94.6,95.0
1045,176.1,88.3,84.1
1046,180.1,86.1,84.7
1047,183.1,95.8,100.9
1048,170.7,71.1,61.5
1049,181.1,75.8,68.2
1050,166.1,72.8,59.1
1051,172.7,80.8,72.3
1052,171.2,75.4,64.0
1053,185.0,79.6,75.8
1054,174.5,93.8,82.2
1055,177.6,75.3,70.7
1056,185.3,91.3,86.0
1057,177.2,80.2,78.6
1058,170.5,81.6,76.6
1059,182.1,88.0,89.5
1060,170.6,93.5,88.5
1061,176.9,95.1,97.6
1062,185.8,95.0,89.1
1063,171.6,78.6,73.6
1064,167.3,79.3,65.3
1065,174.7,75.5,66.5
1066,174.2,72.6,64.1
1067,181.1,85.6,86.3
1068,180.7,78.2,81.8
1069,156.0,74.2,54.2
1070,179.7,89.1,89.5
1071,172.0,83.5,71.6
1072,180.5,78.4,70.7
1073,167.6,83.7,71.2
1074,176.1,93.8,83.6
1075,175.2,82.8,80.6
1076,178.5,78.9,76.8
1077,182.1,90.7,83.1
1078,168.5,93.8,80.7
1079,171.0,96.3,88.0
1080,179.7,84.5,83.7
1081,178.8,86.8,76.1
1082,172.3,79.9,72.2
1083,180.2,70.5,65.1
1084,164.2,83.8,72.5
1085,177.5,97.9,96.9
1086,177.5,79.8,77.6
1087,179.2,85.8,86.6
1088,176.2,76.9,70.1
1089,178.9,85.2,73.3
1090,175.9,94.9,82.0
1091,172.6,85.6,75.6
1092,170.2,71.8,61.8
1093,170.0,88.9,75.4
1094,179.5,87.2,84.9
1095,184.0,80.8,75.5
1096,183.1,84.4,79.6
1097,169.8,76.5,71.7
1098,170.8,88.0,85.6
1099,170.3,78.5,71.3
1100,181.0,97.5,99.0
1101,179.2,81.2,82.5
1102,171.0,81.5,78.8
1103,168.8,83.5,73.8
1104,171.2,77.0,71.6
1105,176.2,86.0,77.1
1106,179.3,87.4,82.0
1107,174.6,90.9,86.2
1108,184.6,81.1,87.9
1109,174.7,80.7,64.6
1110,175.5,79.3,75.1
1111,167.6,84.6,81.8
1112,183.0,80.0,79.4
1113,168.3,84.3,73.3
1114,172.5,77.5,66.2
1115,182.6,91.4,88.8
1116,174.4,79.0,75.4
1117,174.3,80.5,74.2
1118,175.5,77.3,72.2
1119,172.2,93.6,88.8
1120,172.3,81.2,66.8
1121,169.0,71.9,54.6
1122,172.7,74.5,65.4
1123,170.1,77.1,66.3
1124,175.7,82.2,76.0
1125,170.3,77.2,71.1
1126,185.7,90.8,99.4
1127,173.7,87.8,81.8
1128,164.7,82.2,71.6
1129,183.6,80.3,77.8
1130,180.5,98.3,97.6
1131,172.6,89.4,79.7
1132,176.5,88.1,79.6
1133,172.5,71.9,54.3
1134,171.3,80.3,74.2
1135,175.1,99.2,89.5
1136,172.3,79.9,76.5
1137,167.1,88.4,74.3
1138,184.3,91.5,89.7
1139,181.2,104.2,108.2
1140,174.5,83.1,74.0
1141,170.7,90.4,85.4
1142,173.6,86.1,80.9
1143,183.5,79.4,74.5
1144,182.5,79.1,76.8
1145,177.0,79.2,77.5
1146,172.7,87.9,82.4
1147,177.8,87.8,79.9
1148,171.1,94.8,84.2
1149,190.2,97.4,91.2
1150,172.8,82.4,79.9
1151,186.2,79.5,78.7
1152,176.2,84.9,84.7
1153,181.2,79.7,70.7
1154,177.3,77.3,77.1
1155,176.6,82.9,77.3
1156,171.5,83.4,74.4
1157,166.3,77.9,75.4
1158,175.4,85.0,83.0
1159,179.7,84.7,81.4
1160,174.9,75.0,73.5
1161,184.6,88.9,93.9
1162,178.5,90.4,87.7
1163,170.7,86.9,78.3
1164,175.5,87.3,72.4
1165,180.6,92.2,89.6
1166,162.8,86.5,71.2
1167,176.7,85.1,82.8
1168,181.1,86.5,79.1
1169,168.3,82.9,68.8
1170,170.3,78.2,75.1
1171,169.4,82.6,73.9
1172,187.2,98.2,100.0
1173,162.7,72.8,60.4
1174,177.3,83.8,78.9
1175,171.2,78.3,68.0
1176,179.2,76.0,68.4
1177,175.6,93.4,84.8
1178,178.8,80.0,74.0
1179,166.4,82.9,75.4
1180,176.0,87.0,83.4
1181,172.8,86.2,81.3
1182,178.4,77.2,73.8
1183,179.1,85.1,83.2
1184,175.9,98.7,97.7
1185,161.3,70.6,59.3
1186,173.3,76.0,69.3
1187,172.3,83.5,75.7
1188,169.9,96.5,90.7
1189,163.6,85.6,69.1
1190,172.1,87.8,83.7
1191,187.3,88.5,92.4
1192,172.4,74.4,69.8
1193,167.9,77.8,76.3
1194,185.3,92.5,91.3
1195,182.1,89.2,79.0
1196,170.9,76.3,61.0
1197,183.2,93.3,88.5
1198,184.7,83.0,89.3
1199,183.4,79.5,79.1
1200,173.2,96.3,93.5
1201,179.5,81.7,82.7
1202,167.3,83.7,85.4
1203,167.4,92.1,82.5
1204,180.2,81.8,82.3
1205,172.1,76.7,69.8
1206,184.4,105.4,116.9
1207,172.8,72.6,62.8
1208,169.4,80.0,74.1
1209,170.8,78.7,73.8
1210,176.0,75.8,69.7
1211,177.4,82.9,76.3
1212,184.4,89.7,91.0
1213,174.2,82.6,78.1
1214,177.4,74.8,70.7
1215,174.3,78.3,71.3
1216,179.8,87.0,84.8
1217,183.2,89.2,91.5
1218,179.7,94.8,95.6
1219,179.2,89.1,95.6
1220,171.3,93.2,86.1
1221,171.5,76.4,63.8
1222,157.9,75.8,57.3
1223,174.4,82.4,76.0
1224,175.7,89.7,84.9
1225,168.4,73.3,58.7
1226,171.4,91.4,84.8
1227,181.7,97.0,93.1
1228,167.8,70.5,62.1
1229,179.8,85.8,89.0
1230,170.2,78.5,76.3
1231,179.3,82.0,74.6
1232,169.4,78.1,63.8
1233,169.8,77.6,67.2
1234,185.4,88.2,97.5
1235,179.6,80.8,82.5
1236,185.8,96.5,97.1
1237,184.2,93.3,99.5
1238,173.2,85.8,76.1
1239,172.2,74.4,64.6
1240,167.5,74.8,63.0
1241,180.9,79.7,77.3
1242,185.1,79.2,80.7
1243,175.8,76.2,61.6
1244,169.4,77.4,65.8
1245,173.0,81.8,77.4
1246,174.0,78.6,67.7
1247,186.7,83.0,73.6
1248,161.3,83.7,72.1
1249,173.4,90.0,84.1
1250,176.3,74.8,72.0
1251,176.8,75.0,66.0
1252,179.0,81.5,79.7
1253,177.8,101.3,104.3
1254,180.5,78.7,74.0
1255,173.4,67.6,61.7
1256,186.8,84.3,86.6
1257,174.6,85.4,78.5
1258,149.7,73.8,55.9
1259,174.8,81.1,71.9
1260,186.7,94.5,111.4
1261,167.0,87.1,78.0
1262,182.8,107.2,112.1
1263,175.8,74.3,72.4
1264,167.3,87.8,75.0
1265,183.0,79.7,84.0
1266,185.9,81.0,83.6
1267,173.8,82.8,70.1
1268,165.8,84.4,69.9
1269,163.8,67.4,57.1
1270,176.9,83.1,84.3
1271,179.6,75.0,71.0
1272,165.8,77.7,63.9
1273,167.0,82.6,73.2
1274,186.3,83.1,70.8
1275,166.9,87.8,72.0
1276,166.5,81.9,83.5
1277,170.1,75.0,61.5
1278,172.3,85.0,74.2
1279,174.4,85.9,79.5
1280,173.2,83.8,72.7
1281,179.2,84.5,87.4
1282,170.5,81.9,73.1
1283,177.5,75.4,71.0
1284,167.6,87.8,80.3
1285,176.5,82.5,83.4
1286,173.2,86.2,77.3
1287,204.2,75.9,85.0
1288,171.9,90.5,79.0
1289,175.5,93.7,83.5
1290,188.0,85.3,81.7
1291,188.0,80.8,88.0
1292,165.2,92.0,79.5
1293,176.7,97.4,95.1
1294,183.1,88.4,100.0
1295,183.2,93.6,91.5
1296,184.3,83.7,84.9
1297,185.0,98.5,98.8
1298,169.3,94.7,81.4
1299,185.6,97.9,101.4
1300,180.7,81.5,74.2
1301,179.6,84.0,85.1
1302,181.7,80.4,78.4
1303,170.5,69.5,58.5
1304,175.7,82.8,81.5
1305,173.7,81.0,70.6
1306,181.2,97.6,99.8
1307,170.1,79.1,63.4
1308,170.8,77.8,67.0
1309,178.0,98.0,101.6
1310,175.7,79.8,81.6
1311,178.5,92.3,95.5
1312,176.2,85.2,88.4
1313,166.8,88.5,84.0
1314,189.3,82.1,79.7
1315,167.0,75.2,62.5
1316,182.6,82.0,82.5
1317,184.8,81.5,75.0
1318,170.2,82.8,77.3
1319,184.1,75.1,73.5
1320,167.4,75.7,63.2
1321,172.5,87.9,80.9
1322,173.0,86.0,76.6
1323,170.1,85.8,77.9
1324,172.4,83.9,75.6
1325,178.6,83.5,82.1
1326,177.4,79.2,81.3
1327,174.6,93.3,101.5
1328,170.2,101.7,98.9
1329,184.5,87.7,82.6
1330,177.4,85.7,82.3
1331,177.7,89.1,78.5
1332,171.9,90.1,85.1
1333,175.6,79.9,76.7
1334,169.2,75.6,67.3
1335,178.4,85.0,91.6
1336,190.2,77.5,73.3
1337,180.4,78.9,76.4
1338,175.5,80.6,77.3
1339,173.6,75.7,67.3
1340,169.0,81.1,68.4
1341,173.5,69.9,58.5
1342,174.5,85.6,81.2
1343,170.0,92.2,85.4
1344,178.6,89.3,93.4
1345,183.4,88.8,102.1
1346,175.4,88.8,86.5
1347,183.2,82.1,89.2
1348,162.8,73.5,58.7
1349,168.0,69.9,57.7
1350,172.8,89.4,80.0
1351,176.8,83.7,76.5
1352,184.0,80.9,84.0
1353,174.1,81.3,82.8
1354,184.3,93.2,88.2
1355,165.7,77.8,71.3
1356,186.2,87.9,92.4
1357,178.7,77.0,70.8
1358,183.5,90.2,84.2
1359,177.6,77.9,69.8
1360,182.6,84.9,85.1
1361,162.0,75.6,59.2
1362,184.7,73.2,70.3
1363,179.6,81.8,85.5
1364,181.8,94.2,91.1
1365,178.3,79.6,72.8
1366,170.7,72.2,64.5
1367,179.1,73.8,71.8
1368,161.5,66.0,51.1
1369,173.5,77.2,68.8
1370,176.3,75.3,74.8
1371,168.3,83.2,71.3
1372,172.4,80.3,65.1
1373,178.5,84.6,78.6
1374,169.3,75.5,65.3
1375,169.4,72.0,60.2
1376,171.8,82.0,72.0
1377,173.3,92.8,84.6
1378,161.3,82.1,63.3
1379,177.6,80.8,72.2
1380,170.0,73.3,65.6
1381,170.5,81.2,71.9
1382,175.6,86.5,83.4
1383,185.0,87.2,78.6
1384,178.5,84.1,80.8
1385,168.8,72.3,63.3
1386,166.1,74.8,63.7
1387,183.0,92.1,88.6
1388,191.0,79.3,85.7
1389,176.2,79.3,78.3
1390,183.4,82.6,90.9
1391,176.7,74.4,66.7
1392,170.6,81.1,74.7
1393,177.5,87.8,81.7
1394,169.3,73.0,62.8
1395,167.3,75.3,65.6
1396,171.5,74.9,63.3
1397,174.7,77.9,72.3
1398,178.7,73.9,70.1
1399,174.3,94.4,94.2
1400,169.3,92.6,79.4
1401,176.2,81.5,89.2
1402,170.9,88.8,76.0
1403,181.0,83.5,85.3
1404,169.4,77.0,65.3
1405,177.4,91.3,86.7
1406,178.8,76.4,74.5
1407,184.7,89.3,94.3
1408,175.9,82.8,79.1
1409,172.5,77.4,69.0
1410,179.5,82.5,78.2
1411,178.1,82.0,76.2
1412,170.5,89.1,85.0
1413,176.8,78.1,71.3
1414,166.4,70.4,56.2
1415,174.4,90.7,81.3
1416,185.8,97.5,98.0
1417,187.0,87.6,86.3
1418,177.5,78.5,68.4
1419,176.3,89.4,92.0
1420,177.2,92.2,89.1
1421,186.8,80.6,82.1
1422,182.5,82.3,84.4
1423,174.2,82.8,71.6
1424,183.5,75.7,66.2
1425,172.8,89.5,87.0
1426,160.0,81.4,64.7
1427,176.2,78.7,78.1
1428,184.5,84.9,90.2
1429,182.2,92.1,92.0
1430,176.9,87.0,84.7
1431,177.0,92.4,105.9
1432,176.5,86.9,79.9
1433,175.9,82.2,73.2
1434,164.6,71.7,59.6
1435,172.3,79.5,74.3
1436,174.3,81.6,77.9
1437,173.7,77.3,73.0
1438,181.1,86.2,89.0
1439,172.3,80.8,76.3
1440,171.1,82.1,78.4
1441,174.5,79.4,73.7
1442,161.5,75.1,61.9
1443,177.5,77.3,76.5
1444,168.7,91.8,79.4
1445,178.6,84.3,81.2
1446,164.7,70.0,53.8
1447,176.5,89.3,81.2
1448,179.5,82.4,78.7
1449,167.1,85.1,75.9
1450,182.5,77.8,74.3
1451,187.9,84.5,90.0
1452,169.5,76.5,63.3
1453,176.8,86.5,81.0
1454,173.4,84.8,77.9
1455,164.9,85.5,77.4
1456,184.8,86.2,91.5
1457,183.7,81.8,75.4
1458,179.2,94.6,93.7
1459,174.4,82.9,75.3
1460,165.2,65.3,49.8
1461,159.6,83.9,67.3
1462,184.4,99.7,109.2
1463,182.1,101.4,99.2
1464,165.6,83.0,68.5
1465,172.2,87.0,80.5
1466,180.4,82.3,77.6
1467,168.2,85.4,72.5
1468,182.0,82.9,89.5
1469,172.1,86.1,77.9
1470,175.0,85.7,84.2
1471,169.4,82.8,76.7
1472,171.2,78.7,69.1
1473,180.1,83.9,84.8
1474,171.3,79.8,77.1
1475,173.5,67.0,53.6
1476,170.2,94.4,84.0
1477,172.0,79.0,71.4
1478,173.3,86.8,85.2
1479,183.8,84.2,75.7
1480,176.5,91.8,82.3
1481,183.7,73.2,68.4
1482,170.4,70.8,59.6
1483,170.0,76.2,70.2
1484,172.2,71.4,61.5
1485,171.2,72.7,59.3
1486,179.5,83.0,85.5
1487,172.2,71.9,60.3
1488,174.2,74.0,66.0
1489,180.6,78.8,73.2
1490,175.3,83.2,81.7
1491,175.4,97.5,89.9
1492,184.7,85.8,79.9
1493,194.0,78.5,80.4
1494,180.4,89.2,78.0
1495,177.3,86.7,78.5
1496,171.8,79.9,74.7
1497,169.4,92.1,83.3
1498,180.7,79.2,74.0
1499,171.0,68.6,62.2
1500,180.5,90.2,84.3
1501,172.6,83.8,78.3
1502,184.1,103.3,104.3
1503,178.2,80.8,82.0
1504,185.5,85.2,91.8
1505,171.7,72.9,65.3
1506,187.1,84.1,84.2
1507,174.7,82.5,69.4
1508,175.6,90.3,90.3
1509,173.8,87.4,86.8
1510,184.5,93.5,103.5
1511,171.8,79.9,67.9
1512,176.6,78.4,73.3
1513,187.2,96.1,98.7
1514,174.3,82.4,79.2
1515,172.6,82.0,76.5
1516,178.5,89.1,100.4
1517,184.2,92.9,94.0
1518,177.4,73.1,65.5
1519,185.5,79.0,84.7
1520,175.3,80.5,82.4
1521,180.0,79.2,80.8
1522,182.0,86.0,89.5
1523,175.2,79.7,74.1
1524,176.8,81.3,69.5
1525,173.4,89.4,76.7
1526,183.6,90.7,88.8
1527,164.3,86.7,76.8
1528,170.3,79.7,67.4
1529,179.2,80.1,74.3
1530,183.5,84.7,85.2
1531,166.4,75.5,60.6
1532,169.5,80.3,74.0
1533,168.5,72.5,58.6
1534,182.0,74.6,66.8
1535,174.3,97.7,91.5
1536,170.3,87.2,81.2
1537,169.4,74.5,65.5
1538,180.8,97.7,97.8
1539,165.4,71.1,55.7
1540,191.5,80.6,84.7
1541,164.5,87.1,70.8
1542,176.0,85.3,82.7
1543,175.4,92.5,88.1
1544,171.7,105.0,93.1
1545,165.8,104.0,91.2
1546,186.2,89.9,93.9
1547,179.1,91.1,103.0
1548,173.8,78.3,68.8
1549,166.2,75.1,64.6
1550,181.3,84.3,74.9
1551,178.6,85.4,81.9
1552,164.1,89.5,84.2
1553,168.5,92.9,85.2
1554,173.9,82.5,72.9
1555,170.5,76.3,60.5
1556,183.7,88.0,88.6
1557,169.8,83.5,78.5
1558,172.5,77.6,76.0
1559,189.7,81.0,91.4
1560,179.6,86.8,93.0
1561,180.5,83.3,82.7
1562,172.8,73.4,69.2
1563,167.0,86.3,79.7
1564,179.9,91.8,91.7
1565,177.1,110.3,108.3
1566,171.5,96.5,93.2
1567,174.8,83.0,79.9
1568,181.1,80.9,76.6
1569,182.8,85.2,79.8
1570,179.8,83.3,81.6
1571,175.8,81.3,71.7
1572,186.5,97.5,113.7
1573,176.7,87.9,86.5
1574,174.5,85.6,76.6
1575,169.5,77.3,70.6
1576,182.3,80.2,73.4
1577,183.0,82.6,84.5
1578,185.9,88.0,90.9
1579,167.8,95.3,78.7
1580,170.3,72.4,64.2
1581,188.6,97.1,101.1
1582,171.1,81.9,75.9
1583,170.5,83.6,73.9
1584,185.0,82.0,80.9
1585,167.8,71.1,62.3
1586,175.3,86.4,75.2
1587,174.6,97.2,90.6
1588,175.1,78.5,74.7
1589,178.4,80.3,70.4
1590,183.6,96.1,92.7
1591,183.4,95.8,106.2
1592,174.1,87.1,74.6
1593,180.6,81.5,84.3
1594,181.6,78.5,78.0
1595,190.0,91.7,92.7
1596,171.2,83.3,71.3
1597,186.3,83.5,84.4
1598,176.5,91.2,74.5
1599,175.5,75.9,68.5
1600,169.8,88.0,73.5
1601,173.2,93.9,89.3
1602,177.1,78.3,75.5
1603,178.5,77.3,69.6
1604,176.9,86.1,84.1
1605,176.7,82.8,79.5
1606,173.0,81.8,73.0
1607,172.1,86.0,77.0
1608,175.6,81.6,76.7
1609,176.5,85.1,80.7
1610,171.2,71.9,64.2
1611,173.2,75.5,71.2
1612,175.0,90.1,80.3
1613,166.0,82.0,74.4
1614,172.1,72.3,63.1
1615,177.7,70.8,65.4
1616,182.0,81.3,76.7
1617,184.1,97.0,97.9
1618,176.9,78.8,74.7
1619,179.2,80.5,71.7
1620,172.3,74.3,63.6
1621,159.5,79.5,64.2
1622,177.5,83.8,90.0
1623,166.0,72.0,59.5
1624,177.0,91.9,88.9
1625,163.0,79.5,62.0
1626,183.4,76.1,74.1
1627,169.0,82.0,73.1
1628,172.1,87.4,82.4
1629,171.3,69.1,64.2
1630,176.3,86.4,84.4
1631,170.0,80.9,71.8
1632,169.2,89.3,86.1
1633,177.1,88.7,83.4
1634,170.4,76.3,64.5
1635,180.0,88.4,93.2
1636,177.5,78.6,72.8
1637,175.6,72.0,65.0
1638,179.0,83.9,84.6
1639,180.2,93.3,94.7
1640,166.5,68.9,59.6
1641,176.6,83.3,82.4
1642,180.5,85.2,85.8
1643,170.1,92.8,72.6
1644,189.3,96.4,104.7
1645,180.5,89.0,89.5
1646,188.1,77.6,72.4
1647,179.0,95.7,92.6
1648,187.6,79.2,85.5
1649,164.6,81.0,66.1
1650,176.3,92.1,89.3
1651,192.4,95.7,112.8
1652,177.8,78.3,70.4
1653,182.1,87.8,88.1
1654,186.9,83.2,79.0
1655,175.6,79.1,71.7
1656,174.4,74.6,68.8
1657,171.8,82.5,77.4
1658,179.0,80.4,75.1
1659,180.7,83.6,79.3
1660,177.7,92.1,89.7
1661,178.5,75.4,69.0
1662,178.1,78.8,70.2
1663,185.7,100.6,101.8
1664,181.8,86.3,77.8
1665,162.6,92.7,75.0
1666,175.9,83.3,77.4
1667,176.3,90.7,90.8
1668,168.8,85.9,80.8
1669,183.5,72.9,62.0
1670,175.5,77.6,67.1
1671,163.3,84.1,73.2
1672,167.7,78.5,65.8
1673,175.2,78.8,71.9
1674,174.8,85.3,76.6
1675,180.6,86.1,76.7
1676,190.6,112.2,124.3
1677,184.7,88.7,95.9
1678,166.1,77.3,62.6
1679,179.7,93.3,92.3
1680,178.6,74.1,67.8
1681,181.0,91.2,90.1
1682,176.3,77.3,67.9
1683,172.8,87.2,82.1
1684,180.8,85.3,87.2
1685,180.3,82.2,77.1
1686,165.8,85.5,76.1
1687,160.9,90.7,75.9
1688,169.9,72.8,58.5
1689,180.5,80.8,83.0
1690,177.8,73.5,67.0
1691,180.3,93.3,95.7
1692,175.7,95.3,91.6
1693,170.5,71.6,57.4
1694,170.9,82.5,79.7
1695,168.4,74.6,55.1
1696,171.2,93.1,84.4
1697,173.6,77.4,72.5
1698,183.7,81.3,70.2
1699,179.8,89.5,78.4
1700,180.0,100.9,102.7
1701,175.6,81.8,82.4
1702,183.5,82.3,86.4
1703,167.8,84.2,70.9
1704,183.5,86.2,87.8
1705,167.3,82.3,62.5
1706,173.3,94.3,91.2
1707,176.6,77.2,79.4
1708,181.3,89.2,84.0
1709,175.2,88.9,78.5
1710,170.8,73.6,63.7
1711,176.3,85.7,77.0
1712,167.6,76.8,67.2
1713,176.0,83.0,81.8
1714,168.5,84.3,79.0
1715,171.1,85.0,80.9
1716,178.7,76.6,70.6
1717,181.2,84.4,77.0
1718,161.1,76.2,66.0
1719,176.0,80.8,75.7
1720,171.0,82.6,68.9
1721,176.5,88.0,74.2
1722,164.2,76.8,66.1
1723,171.5,77.1,72.6
1724,163.0,83.4,69.4
1725,167.7,79.3,63.2
1726,162.6,79.7,63.8
1727,165.8,94.0,86.3
1728,174.9,81.1,65.4
1729,171.1,83.0,76.0
1730,177.5,93.5,89.8
1731,174.4,92.6,86.8
1732,175.5,85.8,83.7
1733,176.7,74.9,73.3
1734,177.8,81.0,80.2
1735,165.3,85.4,69.5
1736,168.7,72.0,61.2
1737,180.5,86.5,88.8
1738,174.9,85.8,80.8
1739,168.2,82.6,75.8
1740,170.3,80.6,70.5
1741,186.8,85.8,85.2
1742,180.9,103.5,104.9
1743,168.4,104.4,96.8
1744,185.5,84.1,83.4
1745,184.1,83.3,76.0
1746,174.5,86.6,82.0
1747,183.0,92.5,100.5
1748,180.5,82.4,87.2
1749,174.2,85.5,90.4
1750,181.2,80.5,83.0
1751,174.3,76.3,68.7
1752,172.4,75.8,71.5
1753,175.7,93.9,88.7
1754,179.8,80.2,86.2
1755,181.5,77.0,72.5
1756,176.5,74.2,64.8
1757,166.7,70.1,55.4
1758,181.8,76.5,66.4
1759,171.3,82.5,80.7
1760,183.1,74.6,71.4
1761,166.6,79.2,67.8
1762,177.8,73.5,69.0
1763,173.2,74.5,68.8
1764,169.9,75.8,66.0
1765,179.7,74.6,70.7
1766,173.1,79.5,71.4
1767,178.6,82.1,75.0
1768,176.2,80.7,77.0
1769,167.4,85.7,78.4
1770,182.2,74.3,68.9
1771,170.8,76.8,72.8
1772,174.5,92.3,89.2
1773,163.0,76.7,63.3
1774,166.6,88.5,79.7
1775,152.8,67.2,49.7
1776,156.7,67.6,57.2
1777,183.6,76.0,74.5
1778,154.6,69.8,52.7
1779,152.4,65.5,54.8
1780,183.6,76.7,80.6
1781,162.6,76.8,62.5
1782,154.9,68.6,54.0
1783,163.2,59.8,48.5
1784,166.2,69.3,60.3
1785,162.1,67.4,53.8
1786,164.8,61.9,51.8
1787,163.3,70.2,60.9
1788,164.6,67.0,58.5
1789,172.7,77.8,75.0
1790,163.6,87.2,84.8
1791,162.6,78.3,61.4
1792,156.8,64.8,57.8
1793,161.7,74.4,63.5
1794,155.3,70.6,57.1
1795,153.5,65.5,49.8
1796,165.4,65.4,54.3
1797,165.6,70.6,65.0
1798,151.8,60.3,44.3
1799,164.2,78.7,65.5
1800,168.2,75.5,67.4
1801,170.0,72.0,63.8
1802,151.7,75.8,55.2
1803,164.5,96.9,80.7
1804,168.3,70.4,61.0
1805,166.3,76.4,67.7
1806,168.1,71.5,55.3
1807,154.1,68.2,48.7
1808,162.7,74.2,60.3
1809,165.5,84.2,73.7
1810,162.0,64.1,54.3
1811,150.5,85.1,61.0
1812,179.5,84.3,82.1
1813,180.8,71.6,68.3
1814,165.6,78.5,64.5
1815,165.7,83.1,69.4
1816,159.6,73.4,57.8
1817,154.8,63.5,45.4
1818,160.0,79.1,62.5
1819,167.5,63.4,54.4
1820,162.0,69.6,59.8
1821,159.5,78.8,65.7
1822,161.5,69.6,60.0
1823,162.3,82.4,78.6
1824,164.9,84.7,76.9
1825,170.6,87.7,76.0
1826,161.0,71.4,59.6
1827,159.9,74.5,59.0
1828,174.6,68.8,63.8
1829,161.2,70.5,62.1
1830,159.9,66.8,50.1
1831,165.0,73.8,60.9
1832,165.8,88.8,76.4
1833,155.7,69.9,59.5
1834,161.5,76.5,60.3
1835,163.3,79.6,69.5
1836,159.0,72.6,61.3
1837,158.3,81.4,64.6
1838,157.8,70.5,58.9
1839,159.0,62.0,45.5
1840,159.5,68.1,51.4
1841,154.3,66.2,50.9
1842,156.9,66.5,53.9
1843,145.0,71.2,49.7
1844,172.3,67.6,62.0
1845,173.2,67.7,63.4
1846,164.7,67.8,56.7
1847,150.2,66.2,47.6
1848,166.8,73.3,63.5
1849,152.4,72.0,55.8
1850,163.3,71.5,53.0
1851,161.5,74.6,64.6
1852,159.9,79.1,66.6
1853,160.9,71.8,63.5
1854,175.3,73.2,68.1
1855,167.3,65.8,57.7
1856,172.0,82.5,74.4
1857,155.3,70.5,54.4
1858,159.5,80.4,68.2
1859,169.0,68.4,57.0
1860,150.0,70.9,49.6
1861,165.6,65.6,55.1
1862,165.2,71.7,65.1
1863,164.8,93.0,72.2
1864,170.3,72.3,65.4
1865,161.3,72.2,53.6
1866,162.9,77.7,71.3
1867,160.8,88.3,68.6
1868,164.9,70.5,63.5
1869,171.2,70.9,66.1
1870,168.6,92.7,83.0
1871,163.5,78.0,66.9
1872,159.9,68.9,55.3
1873,169.1,64.9,57.9
1874,158.8,73.6,61.4
1875,164.5,74.7,60.4
1876,171.7,74.3,60.0
1877,163.3,67.5,52.0
1878,158.6,79.2,61.4
1879,174.7,76.5,73.7
1880,161.7,90.8,77.6
1881,154.8,64.5,48.1
1882,165.7,70.0,57.5
1883,165.3,78.7,69.9
1884,165.4,63.7,46.6
1885,150.0,77.5,59.1
1886,160.3,71.0,61.1
1887,152.9,67.9,49.2
1888,166.9,65.1,57.7
1889,177.0,75.6,76.4
1890,162.5,66.1,55.0
1891,159.6,70.8,60.0
1892,149.2,66.2,47.6
1893,169.5,93.4,81.7
1894,166.7,65.1,57.8
1895,158.0,68.7,55.4
1896,162.4,76.5,59.8
1897,156.2,72.9,56.4
1898,153.4,71.3,57.3
1899,162.7,66.4,51.7
1900,154.2,74.9,60.3
1901,158.2,83.6,64.7
1902,151.4,73.2,50.3
1903,160.8,70.2,59.4
1904,166.7,73.8,66.1
1905,160.1,74.7,59.2
1906,153.4,67.5,51.6
1907,163.6,65.5,54.9
1908,158.5,62.5,45.5
1909,155.7,67.8,57.7
1910,166.3,79.7,70.8
1911,157.8,75.3,61.0
1912,167.5,68.5,59.4
1913,163.7,65.8,50.0
1914,156.8,65.8,47.7
1915,155.1,70.0,60.5
1916,148.5,62.2,48.3
1917,165.2,70.8,59.8
1918,169.5,81.7,75.4
1919,153.3,64.9,50.6
1920,154.7,61.1,47.2
1921,155.5,71.2,55.6
1922,178.7,79.4,77.7
1923,156.0,70.9,55.9
1924,163.1,71.8,61.0
1925,161.0,77.1,67.8
1926,159.7,82.3,69.5
1927,165.2,70.9,63.1
1928,160.6,76.0,61.3
1929,151.8,70.0,51.3
1930,158.9,83.0,70.3
1931,150.1,77.3,59.1
1932,157.9,78.8,64.9
1933,160.2,74.0,60.3
1934,159.2,72.9,58.6
1935,178.5,70.7,66.6
1936,161.6,70.1,54.6
1937,155.0,70.5,52.5
1938,156.0,78.4,65.0
1939,161.1,68.4,56.6
1940,162.0,63.5,52.9
1941,162.4,70.8,57.8
1942,162.3,66.4,55.4
1943,157.5,75.6,55.9
1944,170.4,67.6,60.6
1945,173.0,78.8,67.0
1946,155.9,68.5,52.0
1947,169.3,71.6,63.4
1948,157.7,72.0,53.2
1949,168.4,72.5,65.5
1950,173.8,76.8,70.0
1951,181.9,79.9,74.1
1952,165.7,72.1,67.0
1953,163.4,66.7,57.6
1954,169.5,72.7,64.4
1955,157.7,80.7,68.5
1956,167.6,69.0,58.2
1957,164.7,67.2,57.4
1958,161.0,76.3,67.7
1959,172.6,71.4,67.3
1960,164.0,70.7,61.5
1961,155.8,70.5,51.8
1962,159.1,87.7,67.6
1963,168.7,82.8,70.0
1964,160.8,71.3,58.7
1965,161.7,80.8,69.5
1966,161.4,74.6,63.0
1967,169.1,70.3,61.1
1968,166.5,73.8,63.6
1969,180.5,81.5,87.1
1970,167.6,69.2,61.4
1971,178.1,67.1,61.7
1972,150.7,64.8,49.4
1973,164.4,75.0,66.8
1974,162.0,69.2,60.8
1975,169.3,71.3,62.5
1976,155.8,63.3,45.7
1977,178.3,73.8,72.4
1978,160.9,66.6,55.1
1979,164.9,67.8,59.0
1980,162.8,65.7,52.8
1981,159.7,77.5,58.7
1982,164.0,73.7,59.0
1983,166.0,71.0,57.5
1984,159.7,81.1,69.9
1985,156.9,67.1,47.7
1986,166.7,68.6,55.5
1987,156.4,64.7,51.9
1988,153.5,65.4,49.4
1989,163.0,65.5,54.1
1990,165.0,73.3,61.6
1991,157.8,80.0,71.0
1992,162.0,70.8,55.9
1993,172.0,73.6,62.7
1994,165.1,65.5,53.5
1995,152.1,70.5,50.2
1996,163.9,68.8,62.4
1997,166.0,81.2,72.4
1998,156.7,67.0,53.8
1999,158.4,73.8,61.5
2000,153.8,74.9,60.7
2001,162.8,72.5,62.7
2002,157.2,73.2,59.5
2003,156.0,63.5,49.7
2004,172.2,84.4,80.1
2005,162.4,81.8,72.7
2006,169.5,75.5,65.5
2007,159.0,71.4,56.3
2008,163.3,75.2,67.0
2009,160.5,76.3,66.0
2010,162.4,74.0,62.8
2011,157.8,72.6,59.2
2012,170.8,71.0,63.1
2013,157.9,64.8,53.3
2014,146.9,82.6,57.8
2015,154.4,75.0,63.5
2016,170.7,67.4,59.5
2017,159.1,75.4,74.0
2018,171.5,63.9,58.0
2019,175.5,77.3,73.4
2020,163.7,60.9,51.9
2021,162.0,67.4,57.4
2022,166.4,82.4,70.6
2023,159.5,69.9,60.8
2024,170.2,79.9,76.6
2025,159.3,74.3,65.4
2026,169.1,72.6,65.6
2027,163.5,90.2,83.1
2028,167.7,73.7,70.6
2029,161.8,77.0,62.0
2030,159.5,74.6,60.7
2031,163.5,69.6,60.5
2032,159.6,83.9,74.5
2033,169.4,88.4,83.5
2034,168.0,79.3,74.1
2035,158.7,82.3,70.1
2036,174.1,72.5,70.1
2037,165.7,71.0,66.6
2038,156.0,78.0,66.7
2039,159.1,73.4,58.3
2040,160.1,76.1,70.0
2041,163.5,83.4,72.2
2042,167.1,67.9,53.0
2043,156.6,72.3,59.5
2044,170.3,65.4,51.1
2045,156.2,74.4,64.3
2046,163.2,82.3,71.6
2047,160.0,78.5,68.7
2048,160.3,75.1,63.2
2049,165.2,72.2,61.0
2050,172.8,67.6,59.5
2051,163.1,90.2,78.8
2052,160.6,71.2,52.5
2053,174.1,73.8,70.8
2054,166.5,67.0,59.8
2055,157.8,67.9,56.0
2056,168.8,76.4,73.8
2057,168.4,68.9,61.3
2058,164.0,73.8,64.8
2059,160.2,76.8,64.4
2060,155.2,76.3,62.2
2061,149.3,65.7,46.5
2062,159.7,70.6,66.4
2063,158.0,65.4,55.0
2064,176.4,79.2,83.2
2065,159.8,80.4,67.6
2066,171.1,72.7,66.7
2067,164.7,65.1,56.6
2068,154.1,78.9,58.7
2069,154.7,76.1,65.7
2070,171.9,76.4,72.1
2071,154.4,71.1,58.5
2072,157.4,64.7,48.7
2073,165.4,98.7,86.9
2074,157.5,74.2,66.4
2075,156.6,66.8,50.8
2076,152.1,67.6,50.2
2077,172.2,72.9,65.9
2078,165.8,76.5,73.2
2079,148.7,75.8,63.5
2080,157.6,69.3,54.6
2081,174.6,69.0,67.0
2082,158.8,87.4,71.9
2083,164.7,82.0,69.5
2084,157.8,65.7,53.1
2085,169.0,67.4,58.7
2086,165.8,83.5,70.4
2087,153.0,74.3,55.2
2088,157.5,83.4,62.8
2089,171.4,83.7,85.5
2090,162.5,71.0,60.2
2091,159.9,72.9,59.7
2092,169.7,66.5,58.3
2093,177.2,81.2,75.6
2094,156.3,70.1,60.5
2095,145.4,67.8,51.5
2096,167.1,75.5,63.5
2097,170.2,64.3,59.8
2098,167.5,74.7,65.6
2099,166.1,68.2,61.9
2100,157.8,63.9,54.5
2101,168.3,74.8,69.7
2102,160.8,73.3,66.8
2103,162.5,78.1,64.1
2104,173.7,66.8,61.2
2105,176.9,64.1,57.1
2106,168.6,72.4,65.0
2107,159.0,65.8,52.9
2108,154.0,65.1,47.4
2109,166.2,69.3,60.1
2110,162.4,67.0,61.0
2111,170.2,83.0,79.3
2112,162.6,75.5,64.6
2113,170.5,76.8,71.2
2114,162.9,73.5,60.2
2115,168.0,73.3,77.0
2116,161.0,74.3,58.5
2117,162.2,71.9,60.9
2118,164.0,76.0,60.4
2119,159.2,67.8,56.4
2120,164.1,69.6,63.3
2121,163.9,67.5,51.1
2122,161.1,78.3,62.3
2123,156.8,62.1,46.7
2124,160.6,75.3,59.0
2125,166.2,74.8,69.2
2126,159.2,67.5,56.3
2127,159.9,75.2,64.0
2128,168.1,79.3,64.6
2129,151.8,68.2,47.2
2130,170.6,79.0,73.4
2131,178.8,67.9,63.5
2132,159.4,75.4,65.5
2133,158.0,67.9,56.3
2134,173.8,83.4,88.7
2135,154.1,71.5,56.0
2136,166.7,71.9,70.5
2137,157.6,73.5,63.9
2138,159.5,71.3,61.5
2139,168.5,69.1,60.0
2140,150.2,73.0,54.6
2141,167.0,77.4,71.9
2142,170.5,68.9,57.5
2143,148.6,76.7,60.2
2144,171.0,76.2,68.6
2145,156.6,72.9,60.8
2146,152.2,72.5,56.7
2147,165.3,67.7,52.5
2148,173.1,73.4,65.7
2149,163.0,76.9,66.9
2150,159.1,76.3,60.0
2151,157.2,74.5,55.8
2152,157.0,72.0,63.8
2153,159.0,78.3,62.5
2154,157.7,68.5,57.7
2155,155.8,64.0,47.5
2156,154.4,76.6,62.6
2157,156.5,74.4,60.2
2158,158.4,79.3,62.3
2159,173.8,69.9,67.5
2160,163.0,67.5,53.2
2161,154.1,69.2,50.4
2162,166.3,73.1,62.3
2163,159.1,78.3,67.4
2164,159.9,77.8,64.7
2165,168.5,67.2,55.8
2166,160.3,70.1,58.0
2167,154.5,69.1,51.8
2168,158.2,64.5,51.5
2169,165.6,73.4,67.1
2170,160.6,65.7,49.2
2171,159.2,67.7,55.2
2172,170.8,67.1,60.9
2173,159.2,74.6,62.7
2174,175.2,72.1,66.9
2175,165.3,67.9,63.5
2176,164.1,74.0,61.6
2177,154.0,63.8,52.9
2178,151.8,83.8,69.5
2179,162.9,70.5,60.0
2180,173.0,68.2,58.2
2181,157.6,70.0,58.3
2182,166.0,87.1,75.7
2183,166.3,68.6,66.3
2184,161.9,67.5,56.7
2185,160.0,84.0,73.1
2186,164.0,72.8,64.8
2187,157.8,74.7,58.1
2188,175.2,75.1,82.8
2189,160.3,82.1,70.6
2190,171.3,64.7,58.0
2191,166.0,70.2,60.5
2192,163.2,69.2,56.1
2193,156.5,71.8,59.7
2194,162.8,75.3,61.3
2195,172.6,66.7,61.0
2196,161.0,70.4,57.0
2197,158.4,74.2,60.0
2198,160.6,78.2,68.5
2199,162.8,68.9,58.0
2200,157.1,72.4,60.4
2201,169.1,70.4,58.4
2202,160.9,78.8,64.2
2203,168.0,70.7,69.1
2204,162.6,69.2,58.8
2205,153.2,64.8,53.0
2206,164.9,71.9,71.4
2207,166.2,63.8,52.6
2208,163.8,66.6,51.3
2209,162.4,69.3,60.9
2210,166.5,77.1,79.3
2211,169.6,72.0,67.7
2212,156.6,70.1,54.8
2213,157.8,73.5,57.5
2214,167.3,80.2,67.8
2215,162.8,85.7,69.5
2216,152.5,62.5,45.9
2217,163.2,71.6,59.9
2218,171.7,72.2,68.4
2219,165.9,69.1,65.2
2220,170.3,73.9,66.2
2221,162.6,67.8,57.1
2222,168.0,64.7,55.3
2223,162.6,68.0,56.5
2224,159.8,69.0,58.6
2225,167.9,72.4,67.5
2226,167.3,68.7,65.2
2227,158.9,75.3,62.4
2228,160.8,66.8,54.8
2229,160.7,80.5,70.0
2230,159.7,66.8,61.0
2231,172.4,67.0,60.2
2232,162.3,68.9,54.0
2233,158.0,74.4,67.0
2234,154.4,71.7,56.5
2235,178.6,68.3,64.2
2236,156.3,82.2,78.8
2237,163.7,75.7,63.4
2238,169.9,70.7,71.7
2239,164.8,67.5,55.1
2240,168.2,76.6,70.2
2241,161.1,72.0,62.9
2242,165.0,76.6,65.3
2243,166.7,66.9,60.4
2244,157.8,66.0,53.3
2245,157.3,70.8,56.8
2246,174.4,80.3,82.0
2247,164.8,70.8,59.5
2248,160.3,66.9,54.7
2249,164.3,75.7,66.0
2250,160.2,72.7,58.8
2251,165.5,67.3,59.5
2252,166.6,92.0,72.9
2253,162.1,70.4,56.8
2254,162.8,78.2,66.8
2255,164.3,68.5,61.0
2256,152.4,69.0,50.4
2257,164.7,73.2,59.0
2258,164.6,65.6,53.4
2259,161.3,67.8,56.8
2260,163.8,69.1,59.6
2261,160.1,72.2,60.2
2262,159.7,70.2,65.8
2263,158.3,70.8,65.0
2264,169.5,79.3,79.0
2265,156.1,88.6,71.2
2266,158.3,74.6,63.7
2267,162.9,75.2,62.0
2268,158.8,70.6,60.0
2269,151.5,69.1,53.1
2270,163.2,72.9,63.0
2271,154.2,69.5,54.7
2272,164.7,72.1,63.8
2273,144.3,79.9,58.5
2274,157.6,74.1,61.9
2275,167.0,78.9,64.4
2276,164.7,72.2,66.1
2277,168.0,75.9,67.4
2278,170.5,74.7,69.0
2279,159.6,65.5,56.6
2280,165.2,75.9,65.7
2281,162.8,74.1,64.8
2282,163.3,67.9,57.4
2283,157.3,65.7,52.8
2284,154.5,63.6,47.7
2285,173.5,68.6,63.2
2286,166.2,65.9,57.1
2287,163.7,77.3,69.5
2288,166.4,66.6,52.6
2289,163.9,67.3,57.4
2290,166.7,74.5,67.3
2291,168.2,81.3,74.4
2292,161.2,68.7,61.1
2293,164.7,69.7,56.9
2294,168.5,64.9,52.5
2295,161.7,79.9,69.2
2296,168.2,67.6,60.4
2297,165.9,68.0,56.5
2298,166.4,71.3,65.7
2299,177.4,79.2,71.7
2300,153.7,77.2,66.4
2301,155.1,75.2,61.8
2302,155.3,71.0,57.4
2303,161.8,57.3,54.8
2304,160.8,69.8,56.7
2305,158.8,75.8,64.0
2306,167.0,71.7,58.2
2307,170.8,71.8,64.2
2308,166.0,74.5,63.1
2309,163.0,64.5,50.6
2310,163.7,62.0,48.0
2311,160.2,69.4,54.3
2312,166.5,77.5,72.6
2313,167.8,66.3,58.6
2314,153.4,76.8,60.2
2315,165.5,69.5,60.7
2316,173.8,74.5,71.9
2317,163.4,75.8,68.6
2318,168.5,69.8,62.3
2319,160.3,68.6,62.1
2320,151.6,82.2,63.3
2321,165.3,72.5,66.5
2322,170.6,73.6,68.9
2323,168.7,70.7,64.1
2324,159.0,70.6,60.3
2325,171.7,72.1,71.2
2326,164.3,64.7,52.8
2327,165.5,67.8,56.3
2328,165.6,64.1,55.7
2329,163.7,66.8,61.5
2330,169.6,78.0,68.1
2331,163.4,73.7,63.8
2332,163.4,64.7,56.8
2333,165.7,67.9,60.1
2334,174.1,68.2,55.0
2335,173.1,71.6,60.6
2336,165.4,71.4,69.9
2337,158.3,64.5,51.1
2338,162.0,87.4,72.3
2339,159.3,80.1,64.7
2340,165.3,65.5,51.2
2341,173.5,65.2,52.9
2342,158.2,69.2,52.7
2343,155.5,63.5,45.5
2344,168.5,70.2,65.9
2345,167.2,73.6,80.3
2346,171.0,68.8,62.6
2347,157.2,60.9,50.5
2348,168.0,71.6,60.3
2349,170.5,76.5,74.9
2350,164.4,72.7,57.2
2351,165.8,62.4,49.3
2352,163.9,70.1,53.0
2353,159.3,69.2,55.6
2354,161.5,72.0,58.0
2355,167.3,72.7,59.4
2356,174.7,69.8,60.5
2357,171.9,74.5,67.1
2358,155.2,65.6,52.8
2359,160.9,79.5,69.5
2360,158.9,67.7,51.9
2361,159.3,68.1,54.1
2362,173.5,74.6,68.0
2363,160.3,66.8,55.9
2364,160.7,71.3,61.0
2365,159.3,68.7,54.5
2366,157.5,70.2,58.5
2367,163.3,71.9,60.0
2368,162.8,66.7,53.6
2369,163.7,73.4,63.1
2370,168.9,63.1,52.0
2371,161.4,76.7,57.2
2372,169.0,65.8,54.8
2373,169.2,89.5,87.5
2374,162.8,72.6,65.8
2375,153.7,75.5,63.9
2376,169.5,86.5,90.9
2377,160.7,72.9,65.9
2378,164.6,76.8,63.8
2379,163.6,73.5,61.2
2380,163.6,73.3,60.1
2381,167.0,74.4,73.7
2382,156.7,71.7,61.4
2383,156.2,66.5,52.0
2384,171.7,66.5,61.7
2385,159.4,70.4,55.0
2386,149.2,73.5,56.0
2387,160.4,70.1,51.0
2388,170.8,78.2,78.0
2389,158.2,62.7,46.7
2390,154.5,75.8,59.5
2391,154.5,67.4,54.2
2392,166.7,73.1,71.0
2393,158.7,74.0,64.8
2394,156.6,72.5,58.7
2395,159.3,74.5,59.6
2396,159.4,77.0,61.6
2397,170.5,67.0,56.0
2398,160.7,82.3,78.1
2399,157.0,77.3,62.0
2400,171.3,71.4,63.1
2401,152.3,68.3,50.8
2402,164.0,74.5,65.5
2403,161.0,77.3,65.2
2404,163.4,74.0,66.0
2405,163.5,64.4,51.9
2406,161.7,64.9,54.7
2407,165.1,71.7,63.0
2408,163.8,64.8,53.3
2409,161.3,70.3,54.2
2410,158.7,70.9,53.1
2411,168.5,71.5,63.2
2412,157.8,74.6,70.2
2413,163.5,73.8,63.6
2414,167.8,69.4,64.9
2415,169.7,90.5,81.1
2416,160.3,78.5,74.0
2417,156.6,71.5,64.8
2418,159.0,69.2,59.4
2419,157.2,63.4,49.4
2420,157.1,68.3,52.9
2421,164.2,67.1,60.5
2422,162.3,63.4,54.0
2423,163.4,67.6,55.6
2424,166.8,82.1,79.2
2425,168.8,83.9,75.0
2426,164.2,69.6,59.5
2427,181.7,66.8,59.8
2428,165.0,82.5,71.0
2429,178.5,78.6,77.5
2430,165.9,82.8,72.7
2431,159.3,78.8,72.1
2432,160.8,75.6,62.5
2433,171.8,78.8,73.3
2434,172.8,71.9,67.4
2435,164.0,67.9,59.5
2436,165.3,61.5,49.3
2437,167.5,68.9,62.4
2438,155.8,82.8,65.7
2439,163.5,71.9,66.1
2440,163.9,83.7,74.3
2441,162.2,75.2,62.2
2442,163.2,71.7,60.0
2443,162.6,72.6,63.0
2444,170.0,70.7,66.1
2445,162.3,72.5,61.1
2446,161.8,69.0,56.4
2447,170.5,75.4,72.0
2448,176.3,79.1,77.5
2449,157.8,73.3,53.9
2450,163.5,68.0,60.0
2451,165.4,69.5,59.9
2452,155.5,64.9,51.9
2453,172.8,68.5,64.0
2454,157.1,71.9,57.4
2455,160.3,69.6,63.4
2456,152.5,66.0,50.5
2457,170.3,73.8,71.0
2458,168.2,77.2,66.4
2459,177.5,69.0,67.3
2460,165.8,68.9,53.7
2461,158.6,64.9,54.5
2462,167.6,80.8,77.4
2463,152.2,63.8,53.5
2464,163.6,70.1,60.3
2465,161.3,60.3,52.0
2466,163.9,63.5,56.7
2467,171.8,67.6,58.7
2468,169.6,73.1,64.5
2469,165.0,68.5,58.9
2470,169.6,72.8,59.8
2471,165.5,72.1,62.5
2472,162.2,72.5,65.6
2473,164.0,78.1,69.9
2474,169.7,71.0,60.0
2475,166.3,77.9,76.2
2476,160.3,75.9,58.7
2477,157.0,76.8,63.4
2478,150.0,86.6,66.2
2479,164.8,62.9,53.1
2480,144.7,72.2,52.9
2481,170.3,71.1,67.5
2482,153.8,66.6,50.9
2483,158.9,68.3,57.8
2484,173.5,73.1,63.2
2485,164.4,76.8,59.3
2486,154.2,66.1,54.7
2487,164.0,71.3,62.4
2488,167.5,79.2,73.7
2489,163.5,73.7,62.4
2490,165.4,67.5,54.8
2491,156.4,69.0,53.3
2492,173.6,69.2,63.6
2493,161.6,79.1,63.3
2494,159.0,67.4,57.1
2495,145.0,74.2,48.1
2496,172.4,88.3,73.0
2497,164.4,65.1,51.9
2498,157.1,73.3,61.0
2499,161.0,73.6,59.6
2500,152.3,74.4,64.5
2501,177.7,75.3,75.7
2502,146.6,63.7,46.9
2503,167.3,76.3,69.9
2504,153.7,76.8,61.8
2505,174.1,71.3,60.6
2506,170.0,76.2,72.5
2507,158.7,67.0,54.1
2508,169.1,86.3,83.2
2509,170.7,76.3,67.1
2510,171.8,77.1,64.6
2511,171.7,65.6,59.2
2512,161.2,73.5,56.4
2513,172.1,80.3,74.6
2514,165.4,68.5,60.1
2515,163.3,87.1,78.3
2516,166.5,88.9,81.5
2517,154.5,70.5,54.6
2518,161.9,70.8,61.2
2519,164.8,73.8,63.7
2520,168.9,80.3,72.0
2521,153.2,77.5,54.8
2522,166.6,78.9,75.7
2523,157.8,86.9,68.0
2524,183.0,76.3,77.6
2525,158.3,77.9,67.7
2526,158.4,67.1,56.9
2527,166.1,73.8,61.5
2528,163.2,74.9,61.6
2529,169.5,76.2,70.8
2530,176.2,85.5,78.0
2531,159.3,76.8,65.0
2532,170.7,77.8,67.9
2533,162.0,74.8,61.8
2534,163.2,77.4,65.0
2535,165.0,77.8,61.0
2536,167.0,64.1,51.8
2537,157.0,72.1,56.2
2538,170.1,68.0,56.1
2539,159.3,77.5,71.0
2540,168.2,81.5,69.4
2541,172.5,77.2,68.9
2542,161.1,79.4,69.3
2543,163.1,81.8,74.8
2544,166.7,66.2,52.0
2545,173.0,77.7,75.2
2546,168.3,77.0,65.1
2547,169.2,68.2,64.4
2548,167.6,92.5,83.5
2549,156.2,65.2,59.0
2550,155.1,89.6,69.1
2551,162.3,64.0,56.2
2552,163.0,74.9,63.5
2553,155.0,69.8,56.9
2554,154.6,72.8,62.5
2555,158.6,83.5,69.2
2556,168.8,68.5,56.6
2557,156.3,71.1,54.3
2558,160.1,73.8,63.1
2559,163.6,72.2,59.5
2560,170.6,70.3,61.0
2561,168.8,93.6,86.9
2562,160.2,79.2,69.5
2563,166.4,76.1,60.3
2564,160.2,71.9,56.8
2565,165.6,86.4,79.1
2566,164.6,73.8,59.1
2567,159.4,71.7,55.7
2568,150.3,69.5,52.3
2569,169.5,77.0,72.6
2570,157.0,80.6,68.6
2571,155.5,70.8,57.3
2572,151.5,71.3,55.1
2573,163.1,71.2,61.1
2574,172.2,84.0,72.8
2575,158.8,69.8,55.6
2576,160.0,87.1,76.6
2577,164.8,72.6,64.4
2578,165.4,68.0,59.6
2579,169.2,67.4,55.1
2580,164.2,73.5,62.5
2581,160.1,71.1,58.6
2582,160.1,73.1,61.0
2583,161.1,90.3,73.4
2584,166.7,69.9,63.7
2585,169.6,67.1,56.6
2586,172.3,73.9,71.3
2587,165.5,79.3,70.0
2588,166.7,68.2,62.7
2589,174.6,73.6,73.2
2590,160.5,78.1,65.9
2591,163.1,68.1,56.4
2592,165.9,80.7,70.2
2593,159.2,71.2,58.3
2594,169.0,71.6,66.1
2595,159.9,80.0,62.3
2596,160.2,67.4,46.0
2597,170.2,74.8,66.4
2598,159.2,76.8,65.0
2599,174.0,64.9,60.7
2600,169.2,74.5,66.5
2601,171.3,73.9,69.7
2602,161.7,71.2,66.1
2603,162.0,81.3,77.6
2604,157.7,66.8,53.8
2605,161.6,68.6,56.7
2606,167.3,83.5,72.0
2607,174.9,63.5,54.5
2608,170.1,74.7,67.4
2609,159.0,69.2,56.1
2610,166.7,66.6,58.4
2611,157.3,78.1,62.3
2612,154.7,69.5,55.0
2613,163.2,70.0,58.0
2614,173.4,80.6,70.5
2615,168.6,71.2,63.5
2616,165.6,70.4,59.7
2617,166.6,71.1,60.9
2618,168.5,69.9,61.5
2619,174.4,72.4,62.6
2620,158.8,61.5,54.7
2621,160.2,85.0,74.5
2622,176.4,78.6,85.1
2623,171.3,65.4,65.5
2624,165.4,70.5,65.0
2625,160.8,64.5,52.8
2626,166.2,77.8,61.0
2627,167.8,67.1,62.3
2628,174.1,74.1,73.4
2629,172.1,70.7,66.1
2630,165.5,73.4,63.2
2631,164.3,68.1,54.1
2632,152.8,66.9,50.6
2633,161.0,80.7,64.3
2634,159.1,72.3,62.3
2635,167.4,81.7,80.8
2636,156.4,70.6,60.1
2637,176.2,72.2,62.5
2638,170.2,71.4,67.1
2639,175.9,78.6,77.8
2640,158.7,79.9,68.9
2641,151.7,69.4,56.3
2642,153.3,59.0,43.2
2643,168.7,78.5,80.4
2644,173.6,72.5,68.6
2645,159.0,66.7,55.6
2646,160.8,77.7,65.7
2647,168.5,87.5,83.1
2648,157.5,71.6,60.7
2649,161.5,66.8,53.0
2650,154.6,86.5,74.1
2651,153.9,74.9,57.1
2652,168.5,69.1,63.4
2653,157.2,75.5,58.8
2654,157.6,75.2,63.0
2655,166.2,74.5,68.7
2656,148.7,78.4,55.7
2657,169.4,74.0,67.5
2658,161.0,69.5,59.8
2659,170.1,70.5,59.3
2660,165.3,65.3,62.2
2661,160.5,89.4,74.0
2662,153.0,68.4,50.0
2663,160.1,65.6,53.5
2664,161.7,76.9,68.7
2665,163.5,70.6,60.5
2666,157.9,66.7,51.6
2667,162.7,85.5,68.9
2668,158.5,73.3,64.2
2669,156.5,66.4,55.4
2670,156.7,66.4,51.4
2671,168.3,66.1,57.1
2672,157.2,62.2,51.5
2673,174.3,83.3,80.5
2674,167.4,72.1,67.4
2675,162.7,65.9,58.4
2676,160.5,60.6,51.4
2677,165.8,76.1,67.0
2678,170.3,82.5,69.1
2679,164.0,72.3,62.1
2680,159.2,64.7,49.3
2681,151.2,68.2,47.4
2682,149.5,66.6,53.8
2683,167.8,83.8,72.0
2684,170.8,83.1,74.9
2685,159.5,71.9,57.2
2686,167.7,70.8,62.3
2687,155.9,68.1,54.2
2688,157.2,69.0,56.7
2689,162.7,71.3,55.3
2690,177.0,67.4,62.3
2691,164.5,80.9,67.6
2692,170.3,71.4,62.3
2693,157.8,62.1,49.6
2694,151.4,79.1,60.4
2695,167.7,91.9,74.7
2696,160.3,67.4,55.4
2697,163.6,64.1,52.4
2698,164.4,76.7,66.4
2699,168.0,68.8,58.8
2700,162.0,77.6,62.8
2701,157.9,74.2,59.8
2702,173.4,75.4,73.1
2703,154.5,66.9,55.4
2704,166.5,72.5,60.8
2705,156.7,80.1,64.4
2706,161.2,70.4,60.9
2707,151.3,70.0,54.3
2708,165.7,73.8,70.0
2709,157.8,71.3,56.3
2710,165.7,65.0,54.6
2711,149.2,74.0,57.4
2712,171.1,91.5,95.7
2713,156.5,69.6,53.7
2714,152.5,68.0,54.4
2715,173.8,72.0,67.1
2716,171.8,83.2,71.2
2717,160.2,69.8,59.6
2718,166.7,70.6,64.7
2719,156.0,70.7,58.0
2720,159.8,73.3,65.3
2721,168.4,65.3,59.4
2722,155.7,62.5,53.4
2723,165.6,67.4,58.3
2724,152.1,61.4,48.7
2725,150.7,78.5,54.8
2726,147.3,64.4,46.5
2727,165.1,70.7,61.1
2728,168.5,81.0,77.5
2729,158.6,72.0,56.9
2730,162.5,71.8,61.5
2731,176.3,82.3,73.7
2732,157.4,84.4,65.6
2733,165.5,72.5,64.6
2734,158.5,69.3,56.3
2735,167.4,74.8,66.3
2736,170.3,79.4,70.8
2737,165.6,71.1,64.4
2738,155.7,64.9,53.9
2739,156.8,68.2,55.0
2740,159.2,66.2,56.7
2741,157.7,65.6,53.9
2742,154.8,64.3,52.0
2743,175.1,70.8,65.9
2744,162.8,77.6,71.2
2745,149.6,88.8,61.9
2746,159.5,64.6,51.6
2747,160.6,77.9,63.7
2748,172.0,68.4,58.3
2749,169.6,73.0,70.5
2750,166.2,70.8,63.4
2751,177.7,71.9,69.1
2752,152.0,64.8,46.6
2753,157.0,80.6,59.1
2754,165.5,70.4,64.9
2755,161.0,71.9,56.9
2756,157.9,63.7,54.8
2757,163.3,74.7,61.6
2758,160.5,67.3,54.3
2759,167.7,67.1,54.3
2760,162.8,62.2,49.6
2761,156.4,79.9,65.9
2762,160.6,66.2,46.6
2763,153.7,69.5,53.0
2764,159.3,75.8,60.5
2765,164.6,79.7,71.0
2766,160.1,72.2,62.5
2767,160.3,68.8,56.0
2768,171.0,67.6,60.5
2769,167.0,67.1,63.4
2770,162.8,82.6,61.9
2771,167.1,73.6,61.6
2772,160.6,70.5,65.6
2773,157.8,68.9,65.1
2774,155.3,62.6,48.5
2775,164.0,74.8,64.1
2776,165.3,78.8,65.6
2777,159.6,69.8,58.9
2778,169.1,81.0,73.5
2779,165.4,90.4,81.1
2780,158.3,61.5,53.6
2781,170.8,71.0,63.4
2782,162.9,77.0,62.0
2783,165.0,70.5,63.8
2784,157.3,69.5,57.4
2785,158.3,72.5,58.6
2786,164.2,72.7,69.0
2787,176.4,66.8,58.5
2788,153.0,60.6,43.0
2789,155.7,69.2,55.0
2790,148.3,65.1,47.4
2791,168.2,72.2,64.2
2792,157.6,58.3,42.2
2793,164.6,70.1,60.5
2794,177.2,70.9,72.5
2795,175.6,69.6,64.7
2796,163.8,82.0,70.6
2797,159.5,73.6,63.5
2798,160.2,71.5,63.8
2799,175.2,83.4,83.0
2800,167.1,81.2,81.8
2801,168.7,74.5,63.6
2802,155.0,69.5,54.1
2803,169.7,68.0,61.5
2804,173.1,70.9,63.2
2805,158.2,69.1,59.3
2806,165.7,70.7,62.1
2807,158.0,71.8,57.9
2808,157.6,77.8,57.6
2809,171.3,70.3,71.1
2810,176.8,70.6,59.4
2811,163.7,77.1,68.0
2812,170.8,66.3,59.0
2813,165.2,68.8,59.7
2814,171.2,67.0,61.7
2815,156.7,69.4,57.3
2816,170.6,72.7,65.8
2817,159.2,79.4,61.5
2818,176.3,81.7,76.5
2819,162.1,73.0,62.0
2820,170.7,75.9,73.4
2821,168.9,77.4,68.6
2822,160.6,71.2,60.3
2823,169.6,85.5,84.5
2824,159.8,67.8,50.8
2825,173.1,79.4,73.3
2826,170.7,68.1,59.1
2827,166.7,86.4,75.6
2828,148.5,73.1,56.8
2829,159.6,77.5,63.6
2830,162.6,75.5,65.4
2831,164.1,82.5,69.6
2832,151.0,70.0,57.9
2833,174.8,83.8,76.7
2834,154.6,64.7,51.1
2835,161.1,70.0,60.3
2836,164.2,68.8,60.0
2837,167.3,78.2,69.4
2838,154.9,60.1,41.4
2839,170.7,70.4,70.7
2840,157.4,61.6,47.0
2841,155.6,74.0,63.3
2842,148.9,70.3,54.1
2843,160.6,69.4,55.8
2844,148.3,64.7,48.1
2845,158.5,74.3,63.8
2846,161.0,90.9,72.0
2847,173.7,70.6,68.6
2848,156.4,71.7,65.3
2849,149.5,80.4,62.7
2850,157.0,85.7,72.0
2851,175.6,66.3,56.6
2852,178.2,77.9,75.5
2853,149.8,56.8,42.6
2854,168.2,73.7,65.5
2855,166.4,65.8,57.9
2856,159.6,71.0,61.7
2857,157.6,66.8,57.0
2858,158.1,76.4,68.3
2859,161.3,71.1,55.3
2860,163.2,72.7,60.4
2861,170.3,68.7,62.9
2862,161.3,77.9,63.8
2863,159.9,80.4,68.9
2864,158.8,74.7,64.8
2865,162.3,72.6,66.4
2866,160.0,68.3,56.3
2867,160.0,69.6,61.6
2868,163.5,80.4,68.1
2869,178.7,71.5,65.0
2870,161.0,74.7,65.9
2871,153.4,72.1,58.9
2872,179.3,76.5,70.7
2873,151.5,65.7,49.9
2874,164.0,89.0,73.8
2875,163.0,78.8,65.4
2876,152.2,74.5,54.1
2877,157.5,73.7,58.0
2878,161.3,63.1,51.4
2879,154.3,73.9,58.4
2880,161.7,61.7,51.5
2881,162.3,84.0,65.4
2882,160.7,71.4,61.7
2883,153.7,68.4,52.6
2884,154.5,61.5,44.5
2885,174.3,73.5,66.4
2886,161.2,69.8,55.9
2887,170.6,73.0,70.8
2888,163.5,67.0,56.5
2889,156.3,59.7,49.4
2890,156.9,69.8,54.4
2891,155.2,68.6,51.3
2892,159.8,67.9,52.3
2893,152.8,67.3,50.0
2894,165.4,85.1,82.7
2895,164.5,73.4,68.3
2896,157.8,72.3,56.5
2897,165.8,71.9,57.0
2898,153.8,83.3,72.6
2899,156.4,65.7,53.2
2900,162.4,80.3,70.9
2901,174.0,72.5,74.8
2902,157.5,76.9,60.8
2903,161.0,67.4,53.6
2904,164.2,75.2,66.0
2905,170.5,75.3,72.8
2906,156.1,71.7,52.4
2907,162.7,74.3,58.5
2908,168.2,68.5,55.8
2909,177.0,76.9,77.5
2910,168.5,69.6,64.9
2911,167.0,74.8,68.7
2912,156.0,75.5,60.9
2913,160.3,75.6,62.4
2914,161.2,68.2,60.7
2915,160.3,76.3,67.1
2916,167.2,84.5,74.9
2917,167.3,73.2,66.0
2918,174.6,67.7,61.5
2919,157.0,75.5,60.3
2920,166.8,75.4,67.9
2921,167.2,60.8,51.5
2922,162.3,69.3,60.1
2923,157.3,66.8,46.4
2924,158.0,79.8,66.3
2925,165.6,70.5,56.8
2926,160.6,70.8,52.4
2927,163.7,83.4,72.6
2928,156.6,65.4,56.0
2929,168.5,69.9,66.7
2930,149.2,65.8,53.6
2931,166.0,71.9,54.5
2932,163.3,90.2,77.9
2933,159.3,78.1,63.5
2934,153.8,72.1,56.2
2935,170.6,86.4,78.4
2936,165.5,63.5,51.3
2937,173.3,69.7,62.9
2938,162.9,69.1,60.5
2939,162.8,81.1,67.8
2940,178.7,65.4,57.3
2941,162.8,72.3,58.9
2942,165.4,65.6,54.9
2943,171.2,77.9,69.3
2944,169.5,67.5,59.6
2945,160.5,62.1,49.9
2946,159.0,78.3,68.3
2947,169.2,71.4,62.0
2948,161.0,67.0,55.1
2949,167.4,71.0,55.0
2950,155.9,66.0,53.4
2951,171.3,70.6,64.1
2952,164.1,77.8,64.3
2953,162.3,64.9,49.6
2954,163.6,70.3,62.8
2955,162.8,83.1,68.3
2956,155.3,74.5,63.9
2957,156.3,62.7,43.7
2958,165.8,83.0,66.7
2959,156.0,67.3,57.7
2960,173.8,68.3,55.6
2961,159.0,62.4,59.1
2962,160.0,82.5,65.9
2963,168.3,85.0,81.2
2964,162.5,73.8,61.8
2965,162.3,75.2,63.0
2966,158.0,77.1,70.0
2967,172.6,72.0,66.7
2968,159.3,66.8,56.8
2969,157.8,79.9,65.4
2970,171.7,73.7,68.6
2971,161.8,76.5,64.3
2972,167.6,70.8,61.6
2973,159.6,77.9,63.8
2974,168.4,72.3,66.4
2975,151.1,74.5,60.7
2976,160.5,67.6,52.5
2977,157.8,77.7,68.7
2978,171.9,77.1,78.5
2979,166.0,62.1,55.1
2980,162.4,69.4,67.4
2981,158.6,75.1,66.8
2982,157.2,66.8,56.9
2983,168.3,67.1,56.8
2984,176.3,78.3,79.4
2985,157.5,70.7,62.3
2986,171.3,74.5,65.0
2987,160.2,75.0,61.4
2988,177.2,73.9,63.7
2989,161.6,80.2,63.9
2990,151.0,67.8,50.7
2991,167.1,64.2,57.5
2992,157.0,75.1,55.9
2993,166.7,89.1,76.9
2994,167.4,80.1,73.7
2995,149.4,68.2,50.3
2996,169.5,80.2,77.0
2997,155.2,72.5,56.3
2998,169.9,75.1,66.2
2999,156.2,75.5,61.6
3000,174.9,76.1,63.7
3001,166.4,65.0,52.2
3002,158.5,70.8,54.2
3003,155.8,67.8,51.6
3004,167.4,73.2,69.4
3005,154.9,72.8,58.1
3006,167.0,65.1,59.8
3007,160.9,83.0,73.9
3008,168.3,73.1,74.5
3009,165.5,75.0,68.5
3010,159.9,66.7,61.5
3011,162.1,75.3,61.7
3012,170.1,78.0,73.7
3013,159.0,64.2,56.2
3014,163.8,72.0,60.1
3015,159.6,71.1,58.5
3016,164.3,69.4,59.0
3017,167.8,77.5,68.1
3018,159.3,68.0,58.6
3019,167.7,68.8,62.7
3020,154.5,78.2,58.4
3021,158.2,71.9,60.8
3022,152.5,73.0,59.4
3023,167.2,68.2,60.9
3024,159.0,66.2,55.7
3025,162.0,72.3,60.6
3026,171.1,66.3,51.5
3027,171.2,70.3,70.3
3028,159.2,71.7,60.2
3029,173.4,75.4,65.8
3030,168.1,61.6,55.8
3031,166.0,71.8,64.8
3032,173.0,81.4,73.1
3033,159.3,67.9,60.8
3034,165.2,71.2,59.2
3035,158.5,67.7,54.4
3036,157.5,58.0,44.7
3037,165.3,73.6,57.6
3038,162.4,64.0,54.1
3039,168.9,84.5,76.6
3040,147.5,67.5,45.5
3041,159.8,76.6,65.2
3042,163.6,69.8,60.5
3043,155.5,73.9,63.0
3044,159.5,82.0,71.3
3045,164.8,66.8,54.1
3046,164.8,62.2,49.2
3047,164.6,67.3,57.6
3048,155.4,71.4,56.5
3049,167.6,71.8,58.1
3050,168.2,68.4,58.5
3051,169.2,80.8,63.6
3052,161.8,69.8,62.2
3053,164.7,78.9,67.1
3054,155.0,78.4,64.0
3055,146.4,70.9,52.7
3056,168.4,73.2,69.9
3057,172.6,66.9,56.1
3058,164.8,69.4,57.5
3059,173.4,75.9,69.3
3060,167.5,77.1,70.4
3061,153.7,87.1,67.0
3062,166.2,66.5,57.6
3063,161.9,75.7,63.3
3064,160.1,75.8,62.2
3065,165.4,82.3,75.6
3066,168.5,82.1,76.3
3067,176.7,85.2,76.0
3068,171.4,72.5,62.1
3069,160.3,71.0,62.7
3070,167.6,73.4,65.5
3071,156.5,70.4,52.4
3072,162.3,66.6,52.2
3073,158.3,72.5,58.5
3074,161.8,79.1,71.0
3075,168.6,62.9,57.1
3076,169.5,66.1,56.8
3077,163.6,75.8,67.3
3078,163.2,62.0,51.7
3079,166.2,77.6,68.2
3080,164.8,85.9,67.1
3081,158.5,66.5,54.9
3082,171.7,76.4,73.6
3083,165.3,77.0,71.3
3084,156.8,80.3,70.3
3085,167.8,80.6,73.4
3086,159.6,75.7,62.5
3087,152.6,59.8,46.6
3088,150.7,64.3,49.2
3089,168.6,73.0,59.1
3090,164.8,69.5,55.5
3091,163.3,74.4,62.4
3092,168.1,70.3,65.7
3093,162.4,71.2,57.4
3094,173.2,84.4,81.0
3095,169.2,67.8,55.8
3096,160.7,67.3,53.1
3097,161.6,77.0,65.9
3098,160.0,64.3,56.1
3099,162.2,66.8,57.1
3100,155.7,68.5,57.4
3101,147.9,69.9,51.0
3102,166.9,70.8,61.6
3103,162.2,66.5,61.2
3104,169.1,70.1,59.9
3105,157.2,81.9,71.5
3106,161.1,65.2,54.9
3107,154.8,69.7,57.8
3108,167.3,71.4,67.5
3109,168.6,70.7,63.8
3110,164.8,68.8,58.0
3111,159.0,69.1,58.1
3112,163.4,61.2,50.8
3113,166.9,71.1,60.5
3114,167.5,68.0,59.6
3115,160.7,70.4,59.3
3116,164.5,72.1,64.8
3117,166.2,77.3,70.2
3118,165.6,73.9,66.1
3119,162.0,64.3,53.9
3120,169.2,78.9,71.4
3121,162.7,82.3,72.2
3122,168.2,77.8,68.6
3123,160.4,70.5,57.1
3124,174.1,81.2,79.7
3125,170.3,72.9,64.7
3126,157.2,73.5,65.5
3127,152.9,74.2,57.9
3128,157.8,75.7,58.3
3129,168.6,62.2,54.7
3130,167.8,64.6,65.5
3131,167.8,71.9,61.0
3132,155.9,72.7,53.0
3133,161.8,71.4,60.2
3134,163.9,64.5,53.5
3135,164.9,70.3,63.1
3136,166.2,63.1,52.2
3137,166.6,89.8,79.5
3138,169.8,89.1,84.0
3139,170.7,74.7,71.2
3140,156.2,70.0,55.0
3141,155.1,72.2,50.2
3142,165.2,75.6,68.4
3143,164.4,73.4,72.3
3144,156.5,82.4,66.6
3145,168.4,71.0,65.4
3146,159.1,71.0,60.6
3147,168.6,64.7,59.9
3148,173.2,80.4,75.9
3149,160.0,71.8,55.8
3150,160.5,81.8,66.5
3151,160.7,74.8,60.4
3152,167.9,68.9,62.2
3153,160.2,71.7,57.1
3154,165.8,66.7,64.0
3155,162.0,67.1,55.1
3156,179.2,84.0,85.9
3157,156.5,70.2,63.4
3158,160.6,67.3,52.8
3159,158.6,77.5,68.6
3160,161.8,67.0,57.5
3161,187.0,78.1,87.4
3162,162.4,75.3,66.3
3163,168.4,94.2,79.8
3164,161.0,74.0,64.9
3165,156.9,80.0,70.5
3166,166.7,85.0,76.3
3167,151.2,66.2,50.0
3168,156.9,77.0,65.0
3169,160.0,74.1,60.8
3170,160.9,74.4,63.4
3171,157.7,79.5,69.6
3172,161.2,66.8,52.7
3173,153.8,64.4,54.6
3174,164.5,69.8,59.2
3175,166.0,72.6,60.4
3176,158.9,79.7,71.0
3177,164.3,70.1,64.4
3178,162.0,67.2,63.7
3179,161.1,68.8,51.1
3180,173.6,74.7,74.3
3181,167.9,67.3,63.4
3182,160.8,64.5,55.6
3183,166.1,91.8,83.0
3184,155.9,81.2,75.0
3185,154.0,62.0,50.6
3186,157.4,73.5,62.3
3187,159.5,68.4,59.6
3188,165.4,65.9,54.8
3189,165.0,78.1,65.7
3190,164.4,84.9,77.5
3191,159.9,72.4,63.2
3192,164.0,79.9,74.0
3193,163.8,77.3,68.3
3194,158.6,66.1,46.0
3195,165.5,71.3,61.1
3196,164.6,82.3,76.3
3197,166.8,70.9,62.0
3198,163.2,67.9,58.6
3199,171.4,70.4,58.9
3200,160.5,66.2,58.1
3201,164.4,80.6,76.5
3202,158.2,74.7,61.0
3203,161.2,72.4,59.0
3204,177.8,76.2,77.4
3205,171.7,63.6,52.6
3206,156.5,75.8,61.1
3207,160.9,70.6,61.9
3208,165.1,70.8,58.7
3209,161.8,75.8,64.1
3210,175.2,70.0,63.4
3211,160.6,69.8,65.3
3212,161.0,68.3,52.8
3213,170.2,76.3,65.5
3214,171.2,86.4,86.1
3215,170.6,82.9,70.4
3216,157.0,67.1,51.6
3217,160.4,84.2,72.6
3218,165.0,86.2,75.0
3219,164.3,74.4,68.8
3220,161.3,80.6,62.0
3221,166.1,76.5,75.3
3222,160.7,76.9,69.3
3223,156.1,67.8,60.3
3224,160.6,75.1,60.3
3225,148.0,66.3,52.0
3226,164.8,65.0,55.9
3227,162.6,79.7,73.0
3228,156.3,80.0,65.4
3229,163.3,69.0,58.2
3230,168.5,72.9,64.9
3231,172.1,75.0,68.7
3232,161.5,64.5,55.6
3233,162.6,67.1,60.3
3234,163.0,63.3,53.2
3235,159.9,71.5,57.0
3236,165.7,74.2,65.0
3237,158.3,72.7,59.7
3238,151.3,75.0,56.0
3239,159.8,76.2,62.8
3240,161.7,73.3,64.4
3241,167.7,78.6,64.6
3242,157.6,63.4,51.3
3243,170.5,70.9,59.0
3244,173.2,74.1,70.8
3245,168.2,73.1,62.8
3246,157.0,79.4,69.1
3247,164.6,70.2,63.5
3248,168.9,82.5,78.3
3249,162.1,73.5,63.6
3250,157.2,80.9,64.8
3251,156.0,68.7,50.7
3252,157.9,60.5,45.0
3253,172.8,78.8,62.1
3254,166.7,73.1,61.8
3255,161.7,68.0,55.6
3256,158.1,62.0,47.8
3257,170.1,65.6,54.9
3258,167.5,68.0,55.4
3259,156.7,68.5,52.9
3260,155.5,69.3,47.3
3261,161.6,72.8,67.9
3262,153.7,71.3,57.8
3263,166.6,64.8,52.7
3264,160.2,65.0,52.0
3265,175.6,77.1,75.0
3266,167.6,78.1,69.4
3267,162.8,73.8,67.6
3268,170.0,72.9,66.8
3269,157.8,73.1,61.8
3270,165.7,79.3,66.1
3271,158.4,71.0,51.4
3272,171.4,67.3,55.3
3273,173.8,87.7,91.6
3274,157.9,88.5,79.0
3275,166.0,69.5,65.2
3276,156.1,72.0,57.9
3277,164.5,81.1,74.3
3278,168.5,70.2,69.0
3279,164.2,73.7,66.7
3280,164.2,64.4,54.1
3281,156.8,60.8,43.9
3282,158.7,62.9,50.1
3283,171.0,74.6,72.6
3284,155.8,83.0,63.4
3285,170.0,73.3,66.9
3286,155.5,66.8,51.1
3287,158.7,73.8,62.7
3288,155.2,63.7,51.1
3289,177.6,72.7,71.4
3290,156.2,78.9,65.5
3291,167.3,66.0,54.8
3292,166.2,75.3,65.2
3293,166.9,72.3,61.1
3294,170.1,81.7,76.6
3295,162.8,71.9,60.8
3296,162.2,70.3,57.2
3297,156.7,69.4,52.4
3298,171.1,74.5,69.9
3299,165.4,73.6,64.4
3300,165.2,76.4,62.7
3301,157.8,69.1,56.7
3302,168.0,87.4,81.8
3303,159.7,67.9,50.9
3304,159.7,70.6,57.2
3305,155.7,72.2,61.7
3306,176.2,66.1,60.1
3307,166.7,66.7,52.6
3308,154.0,66.3,50.4
3309,161.8,69.5,62.6
3310,158.9,71.2,52.6
3311,157.0,72.4,55.3
3312,163.5,74.7,70.8
3313,159.2,71.9,58.5
3314,159.5,68.2,55.2
3315,156.5,68.8,51.8
3316,165.2,72.1,63.4
3317,163.6,73.0,63.1
3318,171.2,63.3,54.8
3319,174.0,72.5,68.2
3320,166.8,70.6,54.5
3321,157.8,71.3,60.0
3322,159.3,78.4,61.8
3323,161.5,69.3,54.4
3324,165.2,71.2,67.6
3325,162.2,71.4,63.2
3326,165.8,82.3,75.0
3327,155.7,68.2,58.3
3328,159.5,71.7,59.7
3329,159.0,84.9,67.2
3330,158.9,70.2,55.1
3331,162.0,85.3,80.3
3332,158.0,72.7,61.9
3333,156.8,65.3,51.0
3334,173.4,68.1,58.7
3335,167.4,68.5,61.6
3336,160.3,63.8,47.1
3337,167.4,71.0,62.2
3338,160.3,71.1,65.4
3339,168.6,76.3,71.2
3340,160.7,66.2,49.3
3341,162.3,70.4,55.7
3342,163.2,73.2,66.7
3343,161.7,74.7,61.1
3344,170.6,66.6,56.0
3345,155.3,72.3,64.1
3346,149.3,59.1,41.3
3347,152.2,76.9,62.0
3348,159.4,61.9,51.6
3349,163.6,90.8,78.5
3350,173.3,67.7,57.2
3351,162.3,78.3,69.7
3352,155.5,69.8,58.0
3353,168.7,66.7,57.1
3354,170.5,85.8,70.5
3355,157.3,67.5,59.9
3356,173.8,88.0,82.5
3357,153.6,68.0,50.4
3358,154.1,77.9,62.7
3359,163.6,70.8,64.8
3360,175.6,84.3,77.3
3361,164.0,77.6,69.5
3362,173.0,97.3,89.7
3363,159.7,66.8,52.8
3364,170.1,74.0,66.1
3365,159.7,73.9,59.4
3366,172.8,78.7,70.7
3367,157.1,69.3,53.2
3368,163.3,73.4,62.5
3369,166.5,71.6,62.3
3370,164.3,76.5,58.3
3371,163.1,87.2,72.7
3372,153.4,74.1,47.7
3373,173.1,77.1,72.3
3374,156.5,63.3,51.8
3375,165.8,73.0,63.5
3376,160.2,69.4,64.4
3377,158.0,85.2,65.9
3378,158.4,69.0,54.8
3379,175.2,68.2,61.5
3380,166.6,95.5,84.6
3381,161.3,71.9,56.6
3382,157.5,71.9,56.0
3383,163.4,64.9,56.0
3384,162.8,71.2,63.5
3385,161.2,81.4,68.7
3386,178.4,74.7,66.2
3387,159.8,69.2,63.1
3388,162.7,66.5,60.2
3389,173.2,80.9,77.4
3390,157.2,80.5,62.7
3391,156.9,67.5,58.7
3392,154.8,72.8,54.0
3393,166.0,67.3,62.3
3394,162.7,74.2,71.1
3395,157.8,71.8,61.3
3396,167.5,77.8,74.8
3397,152.1,66.6,52.6
3398,155.6,67.0,54.7
3399,163.7,72.3,58.0
3400,161.0,71.5,61.3
3401,169.9,75.8,62.8
3402,170.3,66.1,62.2
3403,157.7,60.6,44.9
3404,159.4,71.1,58.8
3405,170.7,81.3,78.5
3406,164.2,69.9,61.9
3407,157.5,66.8,57.2
3408,166.5,74.3,67.2
3409,164.7,68.0,61.0
3410,167.0,81.3,71.5
3411,156.4,70.1,54.5
3412,165.1,73.9,63.4
3413,159.6,76.1,68.2
3414,166.6,71.7,55.7
3415,176.7,74.4,72.9
3416,170.0,73.7,68.9
3417,167.6,70.4,67.2
3418,167.3,75.8,75.0
3419,164.8,71.8,59.1
3420,157.6,79.7,59.3
3421,156.6,78.1,60.8
3422,154.9,73.6,57.1
3423,160.3,75.6,59.2
3424,162.4,62.3,52.5
3425,158.0,79.7,64.2
3426,155.1,77.5,61.2
3427,163.4,79.0,72.1
3428,146.0,69.6,53.0
3429,162.0,75.1,62.0
3430,162.9,80.2,74.6
3431,153.7,69.5,53.2
3432,172.8,80.5,72.2
3433,155.0,71.8,53.7
3434,163.5,67.1,56.7
3435,160.8,71.1,59.2
3436,147.7,63.1,46.2
3437,160.5,73.1,62.9
3438,172.7,84.0,81.3
3439,161.0,89.9,78.7
3440,164.4,83.1,79.6
3441,163.8,67.2,60.5
3442,156.0,73.9,60.9
3443,170.3,68.3,62.5
3444,162.3,64.5,48.9
3445,147.8,70.8,52.2
3446,162.7,71.1,62.1
3447,158.0,69.4,55.0
3448,162.6,75.3,70.0
3449,166.9,75.9,63.6
3450,169.4,80.3,70.1
3451,155.4,67.0,54.4
3452,171.0,70.9,64.8
3453,157.8,72.5,60.6
3454,151.8,72.9,54.0
3455,167.3,74.1,69.4
3456,160.3,70.5,65.1
3457,154.8,71.6,52.5
3458,159.2,70.8,56.0
3459,163.7,59.4,46.5
3460,169.3,82.1,74.7
3461,172.3,72.0,62.6
3462,169.1,65.3,58.4
3463,159.8,62.8,51.0
3464,154.6,73.1,56.8
3465,158.8,75.0,63.4
3466,155.1,80.8,71.8
3467,159.2,67.3,60.9
3468,155.6,73.5,61.3
3469,164.2,73.8,64.5
3470,166.2,70.1,58.5
3471,173.2,89.5,93.0
3472,166.3,69.5,61.1
3473,166.2,79.8,69.2
3474,160.7,71.7,55.6
3475,157.7,78.3,66.5
3476,158.1,64.1,52.2
3477,158.7,70.3,57.1
3478,158.0,74.3,60.5
3479,158.8,67.1,56.3
3480,161.5,76.5,62.7
3481,163.4,78.1,69.9
3482,167.4,66.1,67.7
3483,162.3,71.0,62.6
3484,160.3,62.9,48.5
3485,175.2,77.8,71.0
3486,157.6,67.0,54.8
3487,167.2,68.0,59.0
3488,167.1,81.7,68.0
3489,164.0,68.2,61.1
3490,169.1,69.3,60.0
3491,166.4,81.1,75.6
3492,170.0,69.2,64.2
3493,159.8,89.4,71.6
3494,148.3,63.1,41.6
3495,152.3,90.3,72.7
3496,164.2,73.0,62.9
3497,161.8,74.6,61.3
3498,153.3,63.1,43.3
3499,149.3,63.4,44.8
3500,161.2,68.5,62.5
3501,158.0,69.7,59.5
3502,163.4,69.9,58.2
3503,163.7,64.7,53.8
3504,152.5,80.9,63.5
3505,153.6,63.4,51.8
3506,159.7,69.0,58.1
3507,157.3,70.2,58.7
3508,153.3,68.8,57.9
3509,158.6,69.2,53.6
3510,160.9,68.9,59.0
3511,163.2,64.5,50.3
3512,160.7,67.6,63.1
3513,156.9,68.1,50.1
3514,150.2,70.3,49.9
3515,165.5,80.3,71.3
3516,160.5,72.4,55.0
3517,171.8,72.7,65.8
3518,159.2,64.8,49.9
3519,163.5,83.0,67.6
3520,154.9,68.7,48.0
3521,159.8,68.1,51.3
3522,171.5,62.6,55.4
3523,168.9,68.3,65.3
3524,162.2,71.7,59.8
3525,167.2,77.3,62.2
3526,161.2,78.6,71.8
3527,153.0,67.5,55.5
3528,161.6,68.1,58.7
3529,152.6,71.3,49.3
3530,150.8,66.6,53.4
3531,164.2,76.2,65.8
3532,163.4,71.7,53.1
3533,162.0,71.8,63.7
3534,167.3,64.7,56.2
3535,163.5,68.5,62.0
3536,157.0,71.5,58.3
3537,151.8,68.2,49.3
3538,166.0,77.4,70.0
3539,173.8,74.3,68.6
3540,165.3,67.8,59.8
3541,168.8,71.5,69.3
3542,158.5,64.9,52.3
3543,158.5,78.5,69.6
3544,156.1,69.3,51.0
3545,153.5,71.3,55.2
3546,163.6,77.4,71.2
3547,163.0,70.8,59.4
3548,155.9,63.4,47.1
3549,160.9,65.2,52.1
3550,158.3,67.5,60.4
3551,161.2,69.1,58.1
3552,158.2,69.4,53.2
3553,166.4,74.6,66.5
3554,150.0,65.1,50.7
3555,164.5,72.5,62.4
3556,166.8,73.5,68.3
3557,165.4,71.4,58.9
3558,163.7,84.7,72.4
3559,171.5,68.2,65.0
3560,160.2,62.3,48.0
3561,169.4,67.7,58.4
3562,167.4,71.7,59.4
3563,154.8,66.2,56.8
3564,160.1,70.3,51.5
3565,166.1,68.1,55.9
3566,169.3,67.0,57.5
3567,164.3,74.1,73.5
3568,176.2,65.4,56.1
3569,168.2,76.7,66.5
3570,170.5,69.5,63.9
3571,165.7,70.6,60.0
3572,164.3,75.3,60.0
3573,167.9,70.6,62.5
3574,151.7,81.4,65.5
3575,166.3,76.7,63.9
3576,174.5,71.0,68.9
3577,167.4,73.0,64.5
3578,160.2,68.8,58.5
3579,172.8,69.6,57.7
3580,151.6,69.5,53.1
3581,163.7,72.3,64.0
3582,156.4,69.0,53.2
3583,163.7,62.1,54.2
3584,162.3,68.2,54.5
3585,166.0,69.1,61.0
3586,160.0,75.7,70.1
3587,167.3,70.4,65.6
3588,165.7,70.7,62.2
3589,154.5,71.8,59.6
3590,154.0,75.5,57.3
3591,160.0,76.6,67.7
3592,154.1,77.7,59.2
3593,159.2,69.8,57.3
3594,155.4,70.9,57.0
3595,163.3,74.1,66.2
3596,165.9,71.9,68.4
3597,154.8,65.5,51.5
3598,170.8,76.3,71.7
3599,160.0,76.0,63.6
3600,174.6,78.8,76.7
3601,164.6,68.9,61.1
3602,165.5,73.7,63.6
3603,161.0,71.4,57.0
3604,164.3,71.8,68.2
3605,155.4,69.1,56.5
3606,170.0,70.9,66.7
3607,174.6,95.1,92.3
3608,166.0,71.1,60.5
3609,158.2,66.4,51.9
3610,155.2,67.3,54.0
3611,165.8,71.4,58.5
3612,155.3,66.0,52.1
3613,156.2,61.0,41.8
3614,162.9,74.3,67.7
3615,169.1,73.6,61.6
3616,154.6,65.0,46.3
3617,158.4,68.9,54.6
3618,161.2,68.1,57.1
3619,158.6,61.2,49.6
3620,159.6,68.4,59.7
3621,171.6,71.3,71.6
3622,161.1,64.4,52.3
3623,165.3,67.6,56.2
3624,150.8,72.6,59.1
3625,172.2,67.6,60.9
3626,161.2,71.8,57.3
3627,157.0,72.1,55.5
3628,174.0,66.8,64.5
3629,167.4,74.1,68.4
3630,166.4,72.8,60.0
3631,163.2,75.1,60.4
3632,158.4,65.0,56.1
3633,167.2,71.8,56.0
3634,166.3,74.0,67.6
3635,158.4,62.6,50.7
3636,162.5,63.3,47.1
3637,161.8,68.7,55.2
3638,170.3,64.9,61.6
3639,170.6,85.5,82.0
3640,172.2,70.4,72.0
3641,173.4,91.8,83.9
3642,169.2,79.1,71.8
3643,167.6,70.0,60.8
3644,164.4,77.0,71.4
3645,160.3,65.9,53.0
3646,153.0,70.4,54.5
3647,164.8,77.9,66.5
3648,157.3,70.5,55.2
3649,163.4,67.1,55.6
3650,159.6,72.5,61.8
3651,163.2,80.8,77.0
3652,159.4,65.5,53.7
3653,156.2,66.8,53.9
3654,155.3,70.0,62.2
3655,164.6,69.6,56.8
3656,167.8,72.3,64.2
3657,150.1,61.7,48.8
3658,160.5,68.0,56.6
3659,171.2,76.0,77.5
3660,161.5,76.2,67.0
3661,177.5,77.4,77.9
3662,160.7,68.2,56.1
3663,158.0,67.2,54.4
3664,162.3,66.7,54.0
3665,163.0,64.7,52.8
3666,153.8,71.4,55.8
3667,159.2,75.9,69.5
3668,166.8,75.3,72.3
3669,161.4,84.9,68.9
3670,171.7,71.1,68.3
3671,156.5,72.2,59.5
3672,167.8,75.9,68.8
3673,156.1,70.2,56.5
3674,182.6,72.4,64.9
3675,164.8,71.7,58.8
3676,173.7,87.1,80.1
3677,165.4,65.2,59.9
3678,167.6,69.3,59.1
3679,165.3,77.5,67.6
3680,166.4,67.8,56.2
3681,156.0,69.8,51.8
3682,155.3,71.8,51.4
3683,170.3,68.3,59.7
3684,160.7,67.8,51.6
3685,173.0,68.7,64.2
3686,175.2,81.7,75.6
3687,165.5,71.6,58.1
3688,160.9,64.7,47.3
3689,157.0,80.2,65.7
3690,160.1,74.6,58.0
3691,158.7,69.8,58.9
3692,168.7,69.5,61.0
3693,162.5,68.3,56.3
3694,162.6,67.2,58.3
3695,161.7,78.8,65.1
3696,159.4,77.1,67.9
3697,169.0,77.2,67.6
3698,163.0,83.5,72.1
3699,161.0,77.8,64.7
3700,156.8,72.0,60.5
3701,174.1,67.1,57.5
3702,144.8,69.1,46.4
3703,161.3,78.6,62.6
3704,160.6,71.4,60.4
3705,168.4,74.6,64.8
3706,158.2,65.8,49.2
3707,164.2,80.5,83.5
3708,157.6,64.6,50.8
3709,165.2,65.3,53.5
3710,155.8,78.4,65.9
3711,158.8,73.5,60.2
3712,162.1,80.7,67.6
3713,155.0,69.6,50.9
3714,156.3,65.3,56.4
3715,165.3,81.3,68.0
3716,161.7,71.9,65.0
3717,160.6,67.4,49.9
3718,171.0,68.7,64.2
3719,160.7,66.5,53.9
3720,164.0,67.9,55.8
3721,171.1,70.6,69.0
3722,163.8,73.3,61.7
3723,159.7,62.8,51.2
3724,166.2,64.3,57.8
3725,159.0,65.0,57.3
3726,152.2,79.5,65.8
3727,163.2,67.3,54.7
3728,169.7,72.5,67.6
3729,155.2,84.5,67.7
3730,153.7,69.3,56.6
3731,173.9,86.7,81.2
3732,159.3,74.0,60.8
3733,163.1,67.4,57.6
3734,168.8,64.8,51.7
3735,175.2,70.9,63.9
3736,165.2,71.6,67.2
3737,156.9,72.1,57.8
3738,166.7,72.3,59.0
3739,173.1,80.9,76.4
3740,161.1,82.9,71.0
3741,153.2,69.3,52.4
3742,162.6,72.8,55.3
3743,164.6,70.3,57.5
3744,177.2,80.2,80.6
3745,158.5,73.1,57.1
3746,163.5,79.1,67.4
3747,165.2,82.1,74.3
3748,169.0,72.5,66.9
3749,157.8,63.9,55.0
3750,171.3,65.4,58.5
3751,160.3,74.5,62.6
3752,164.6,73.0,60.9
3753,155.7,65.0,49.6
3754,161.7,71.0,60.4
3755,158.0,75.1,64.1
3756,152.4,68.3,58.0
3757,165.3,67.6,55.2
3758,159.3,83.5,71.3
3759,159.6,79.5,67.1
3760,154.5,61.7,49.3
3761,174.2,96.6,96.7
3762,158.6,67.3,55.5
3763,164.0,69.4,57.6
3764,148.7,66.2,50.1
3765,162.7,68.8,66.6
3766,164.0,80.5,82.9
3767,160.5,73.5,65.8
3768,161.3,72.3,61.0
3769,158.8,67.7,51.5
3770,170.2,67.6,62.5
3771,162.2,78.4,71.0
3772,170.3,62.5,49.7
3773,157.0,76.5,63.0
3774,162.3,70.1,59.0
3775,157.2,60.9,45.7
3776,168.7,82.6,78.6
3777,169.2,72.0,73.3
3778,163.6,70.2,62.2
3779,171.7,68.1,65.4
3780,165.5,76.4,68.0
3781,168.8,75.3,68.3
3782,164.5,64.2,50.4
3783,161.6,77.0,61.4
3784,164.1,67.3,53.0
3785,163.3,69.7,67.9
3786,159.1,76.2,64.4
3787,167.3,66.5,63.6
3788,163.3,66.5,48.5
3789,168.6,68.2,66.8
3790,160.9,74.1,67.7
3791,156.7,69.3,53.0
3792,157.1,70.7,64.7
3793,163.0,72.1,64.2
3794,158.1,74.0,63.9
3795,167.3,61.3,45.5
3796,164.7,68.5,59.0
3797,161.8,66.0,58.5
3798,155.1,68.0,53.7
3799,160.8,76.8,63.1
3800,168.0,82.4,73.5
3801,162.0,86.8,80.7
3802,163.4,65.2,53.7
3803,166.2,86.1,73.7
3804,142.8,59.5,43.0
3805,163.6,78.8,62.7
3806,162.3,75.9,71.5
3807,159.3,73.0,61.0
3808,156.8,66.3,51.3
3809,163.4,73.1,64.2
3810,164.9,70.2,59.6
3811,157.8,87.5,71.5
3812,167.1,75.8,62.6
3813,167.5,75.8,73.2
3814,168.2,75.6,74.4
3815,165.8,70.7,61.9
3816,160.2,76.9,65.1
3817,164.6,76.0,71.0
3818,165.3,79.5,71.6
3819,160.4,76.1,69.5
3820,159.6,70.1,57.9
3821,164.3,73.7,70.5
3822,165.3,70.5,59.5
3823,155.6,65.0,47.6
3824,162.8,74.8,60.7
3825,149.4,64.2,52.4
3826,171.9,75.9,72.9
3827,152.7,64.7,47.8
3828,164.3,64.0,60.3
3829,157.4,64.0,52.1
3830,166.5,71.7,63.5
3831,164.0,69.2,59.5
3832,159.8,65.2,51.0
3833,160.9,69.0,58.0
3834,157.8,62.7,53.7
3835,156.6,68.9,56.4
3836,165.4,69.1,59.5
3837,170.3,69.8,60.3
3838,162.0,70.1,63.3
3839,172.1,80.2,77.8
3840,168.3,65.5,58.3
3841,163.5,73.4,69.1
3842,167.1,70.7,66.9
3843,167.3,71.5,63.3
3844,169.1,73.5,65.4
3845,155.1,69.3,54.0
3846,171.3,71.8,65.3
3847,164.3,64.8,52.1
3848,158.3,74.1,57.6
3849,158.8,72.2,61.3
3850,163.7,74.9,70.6
3851,156.0,71.2,60.8
3852,165.7,72.0,68.9
3853,154.8,62.2,47.3
3854,170.0,69.9,62.1
3855,157.8,61.8,48.9
3856,165.2,72.7,64.1
3857,153.4,74.6,59.7
3858,162.3,68.4,62.0
3859,168.4,71.5,65.4
3860,166.6,60.1,48.0
3861,164.8,70.3,63.8
3862,168.2,79.5,74.5
3863,160.5,70.8,65.8
3864,166.7,71.0,63.1
3865,165.2,80.5,69.3
3866,169.3,67.8,62.9
3867,163.1,75.8,72.3
3868,158.3,67.1,55.6
3869,165.5,62.0,50.8
3870,162.3,76.2,67.1
3871,157.1,71.8,61.6
3872,152.8,76.9,61.3
3873,170.4,72.1,68.3
3874,167.0,62.2,51.4
3875,169.3,83.3,78.5
3876,158.5,76.3,63.1
3877,165.9,68.2,53.0
3878,156.3,67.3,52.3
3879,166.5,70.5,63.5
3880,165.0,74.4,68.0
3881,157.0,68.5,53.0
3882,163.5,70.7,61.3
3883,149.3,73.7,60.0
3884,163.7,82.5,69.9
3885,165.2,69.2,62.5
3886,166.0,68.8,58.6
3887,162.6,69.4,58.6
3888,157.8,65.0,48.3
3889,154.3,73.5,66.0
3890,160.8,69.2,61.3
3891,159.2,70.2,54.6
3892,168.8,75.6,71.7
3893,158.6,78.3,63.2
3894,166.7,75.7,67.8
3895,168.2,75.1,71.8
3896,168.1,69.2,59.1
3897,163.7,69.6,63.1
3898,159.0,79.2,71.3
3899,165.2,75.5,64.5
3900,166.3,78.3,68.0
3901,159.5,91.1,70.1
3902,167.6,96.5,94.6
3903,149.6,67.6,52.4
3904,156.8,74.9,62.8
3905,171.8,69.8,66.4
3906,162.5,61.5,48.6
3907,167.1,69.8,65.2
3908,160.5,66.8,57.2
3909,169.5,78.8,72.8
3910,157.5,72.4,65.9
3911,163.2,77.8,73.1
3912,166.4,86.5,79.5
3913,156.8,73.7,57.5
3914,162.7,77.5,68.9
3915,153.2,70.2,58.9
3916,166.0,72.7,58.2
3917,154.6,74.8,55.9
3918,162.4,69.1,58.0
3919,169.5,68.1,60.3
3920,176.4,72.1,63.0
3921,164.6,71.7,62.5
3922,166.9,71.5,68.0
3923,169.0,67.2,54.9
3924,161.0,74.8,65.9
3925,165.0,74.0,67.6
3926,164.8,81.1,79.5
3927,168.3,77.1,72.8
3928,172.1,79.5,75.2
3929,155.9,63.4,46.7
3930,159.7,68.0,55.4
3931,175.8,68.1,61.5
3932,157.6,62.7,52.5
3933,163.6,66.5,55.9
3934,157.8,75.2,59.6
3935,173.6,81.4,77.4
3936,162.0,80.2,63.2
3937,165.8,67.6,59.3
3938,162.5,68.5,56.6
3939,161.3,67.0,60.5
3940,165.8,81.3,76.1
3941,167.5,68.5,66.4
3942,153.8,67.4,54.1
3943,164.5,73.0,64.0
3944,162.8,70.2,59.6
3945,171.8,71.7,66.2
3946,163.0,70.8,65.6
3947,158.6,75.4,63.6
3948,166.3,74.8,67.4
3949,155.5,66.4,56.0
3950,159.3,63.8,49.1
3951,158.8,72.4,61.8
3952,172.4,80.0,82.5
3953,163.7,82.5,73.9
3954,165.5,67.3,57.4
3955,160.6,80.3,75.0
3956,158.7,69.3,60.0
3957,164.0,75.8,68.1
3958,175.0,89.1,94.6
3959,166.1,71.1,64.0
3960,165.6,72.8,70.4
3961,160.0,69.5,64.0
3962,160.8,64.7,54.3
3963,155.4,65.8,53.8
3964,158.5,77.8,68.8
3965,170.6,66.2,54.7
3966,158.9,79.7,65.5
3967,164.1,82.7,78.9
3968,166.2,64.5,50.6
3969,169.6,69.2,69.4
3970,158.5,69.1,53.1
3971,160.4,64.3,52.5
3972,153.4,67.1,57.0
3973,162.1,68.8,55.8
3974,167.5,76.8,69.5
3975,159.2,73.5,59.3
3976,168.2,68.7,53.5
3977,159.0,73.5,64.5
3978,156.8,74.5,62.2
3979,162.1,72.5,58.2
3980,154.8,75.8,64.2
3981,181.1,74.8,84.6
